Company Name,Project Name,Project Link,Daily Leads Link,1 Through 7 Day Clicked Rate,1 Through 7 Day Opt Out Rate,1 Through 3 Day Clicked Rate,1 Through 3 Day Opt Out Rate,2 Day Only Clicked Rate,2 Day Only Opt Out Rate,1 Day Only Clicked Rate,1 Day Only Opt Out Rate,Period Start UTC,Period End UTC
AdaptHealth,Patient Financial Services 30-60 Days (Drive to Site),https://manage.drips.com/Project/Dash/1FCFDEA8-0F87-414E-847A-83C7AEF5535E,https://manage.drips.com/Company/Portal/504A02AC-0C45-4535-BF43-E6C2986AB4A1?project=1FCFDEA8-0F87-414E-847A-83C7AEF5535E&reportName=dailyleads,10.935%,8.762%,10.756%,7.849%,14.120%,7.176%,9.395%,7.724%,10/20/2021,10/27/2021
American Home Shield Corp,After Hours,https://manage.drips.com/Project/Dash/12D2F1AF-D953-49E3-9A14-E589AF41C735,https://manage.drips.com/Company/Portal/2DB1E347-5685-472E-833C-A8262DDA56B6?project=12D2F1AF-D953-49E3-9A14-E589AF41C735&reportName=dailyleads,0.746%,25.793%,0.833%,23.796%,0.941%,21.882%,0.926%,18.519%,10/20/2021,10/27/2021
American Home Shield Corp,After Hours - ATT,https://manage.drips.com/Project/Dash/BABD4F76-D14B-4C03-8166-45B49A37EB15,https://manage.drips.com/Company/Portal/2DB1E347-5685-472E-833C-A8262DDA56B6?project=BABD4F76-D14B-4C03-8166-45B49A37EB15&reportName=dailyleads,,,,,,,,,10/20/2021,10/27/2021
American Home Shield Corp,AHS - Live,https://manage.drips.com/Project/Dash/C8E8FAE3-8630-4277-9176-4F6DC5C5FB15,https://manage.drips.com/Company/Portal/2DB1E347-5685-472E-833C-A8262DDA56B6?project=C8E8FAE3-8630-4277-9176-4F6DC5C5FB15&reportName=dailyleads,0.337%,22.503%,0.548%,19.846%,0.610%,22.256%,0.000%,16.910%,10/20/2021,10/27/2021
American Home Shield Corp,AHS - Re-engaged,https://manage.drips.com/Project/Dash/3C36C6FE-388E-4080-83BF-29AE0582D048,https://manage.drips.com/Company/Portal/2DB1E347-5685-472E-833C-A8262DDA56B6?project=3C36C6FE-388E-4080-83BF-29AE0582D048&reportName=dailyleads,0.384%,20.251%,0.385%,15.923%,0.652%,17.826%,0.190%,12.357%,10/20/2021,10/27/2021
American Home Shield Corp,AHS - Re-engaged - ATT,https://manage.drips.com/Project/Dash/A8C2EAAC-AB08-49BD-A85F-532EDF8618B7,https://manage.drips.com/Company/Portal/2DB1E347-5685-472E-833C-A8262DDA56B6?project=A8C2EAAC-AB08-49BD-A85F-532EDF8618B7&reportName=dailyleads,,,,,,,,,10/20/2021,10/27/2021
American Home Shield Corp,Z - Friends + Family Follow Up (D2S),https://manage.drips.com/Project/Dash/095A0795-6F6B-4EE8-AC68-5B3B94ACB144,https://manage.drips.com/Company/Portal/2DB1E347-5685-472E-833C-A8262DDA56B6?project=095A0795-6F6B-4EE8-AC68-5B3B94ACB144&reportName=dailyleads,,,,,,,,,10/20/2021,10/27/2021
Centene Corporation,WellCare - D2C/D2S Hybrid,https://manage.drips.com/Project/Dash/A280BBDD-AF48-4EA2-944E-E0A2176114DF,https://manage.drips.com/Company/Portal/830AC53A-A718-443C-89A2-12E82D69E02E?project=A280BBDD-AF48-4EA2-944E-E0A2176114DF&reportName=dailyleads,18.074%,3.600%,18.074%,3.600%,18.074%,3.600%,,,10/20/2021,10/27/2021
Core Digital Media,Remonetize - ATT,https://manage.drips.com/Project/Dash/3A54CC88-6487-409D-A6F1-AEC137821B68,https://manage.drips.com/Company/Portal/F566520C-236D-4EBC-84FB-CD1D4B8263EA?project=3A54CC88-6487-409D-A6F1-AEC137821B68&reportName=dailyleads,10.811%,43.243%,6.818%,22.727%,5.556%,27.778%,12.500%,0.000%,10/20/2021,10/27/2021
Core Digital Media,Remonetize Lead,https://manage.drips.com/Project/Dash/69627FBA-D031-425A-86CA-1C7151421C51,https://manage.drips.com/Company/Portal/F566520C-236D-4EBC-84FB-CD1D4B8263EA?project=69627FBA-D031-425A-86CA-1C7151421C51&reportName=dailyleads,13.187%,18.315%,6.452%,12.258%,7.692%,14.615%,0.000%,0.000%,10/20/2021,10/27/2021
Core Digital Media: Drive to Site,FIN: EnhancedRefiNow,https://manage.drips.com/Project/Dash/DC8070BB-6799-4ECF-9510-A1B3B0025DAB,https://manage.drips.com/Company/Portal/4B897129-867D-4956-B822-8A4D60C3B364?project=DC8070BB-6799-4ECF-9510-A1B3B0025DAB&reportName=dailyleads,,,,,,,,,10/20/2021,10/27/2021
Core Digital Media: Drive to Site,FIN: Mortgage Refinance (Quicken),https://manage.drips.com/Project/Dash/F5BD5106-5026-4F80-80AD-E5BA16A75450,https://manage.drips.com/Company/Portal/4B897129-867D-4956-B822-8A4D60C3B364?project=F5BD5106-5026-4F80-80AD-E5BA16A75450&reportName=dailyleads,,,,,,,,,10/20/2021,10/27/2021
Core Digital Media: Drive to Site,FIN: Personal Loan MarketPlace,https://manage.drips.com/Project/Dash/EE859BBD-BCED-4755-9049-96937998B6A1,https://manage.drips.com/Company/Portal/4B897129-867D-4956-B822-8A4D60C3B364?project=EE859BBD-BCED-4755-9049-96937998B6A1&reportName=dailyleads,,,,,,,,,10/20/2021,10/27/2021
Digital Media Solutions - Website Reengagement,Education Grant,https://manage.drips.com/Project/Dash/171A3247-D7B0-4A17-B3D7-0CCCCD6D04FE,https://manage.drips.com/Company/Portal/F46FFB20-CCDA-4A5B-B382-174B9A8BA79F?project=171A3247-D7B0-4A17-B3D7-0CCCCD6D04FE&reportName=dailyleads,,,,,,,,,10/20/2021,10/27/2021
Digital Media Solutions - Website Reengagement,Education Search,https://manage.drips.com/Project/Dash/C6C2AEB3-9EA5-4F83-B4D2-D213191F2B09,https://manage.drips.com/Company/Portal/F46FFB20-CCDA-4A5B-B382-174B9A8BA79F?project=C6C2AEB3-9EA5-4F83-B4D2-D213191F2B09&reportName=dailyleads,,,,,,,,,10/20/2021,10/27/2021
Digital Media Solutions - Website Reengagement,Job Alert,https://manage.drips.com/Project/Dash/A9E0E162-3985-4C1C-9D11-02FCC7450E9E,https://manage.drips.com/Company/Portal/F46FFB20-CCDA-4A5B-B382-174B9A8BA79F?project=A9E0E162-3985-4C1C-9D11-02FCC7450E9E&reportName=dailyleads,,,,,,,,,10/20/2021,10/27/2021
Digital Media Solutions - Website Reengagement,Loans,https://manage.drips.com/Project/Dash/2BD6FB89-4B03-4531-9845-39F715A5B46C,https://manage.drips.com/Company/Portal/F46FFB20-CCDA-4A5B-B382-174B9A8BA79F?project=2BD6FB89-4B03-4531-9845-39F715A5B46C&reportName=dailyleads,,,,,,,,,10/20/2021,10/27/2021
Digital Media Solutions - Website Reengagement,Survey Winners,https://manage.drips.com/Project/Dash/51556A75-B367-4AC1-99D8-B1323A329CE5,https://manage.drips.com/Company/Portal/F46FFB20-CCDA-4A5B-B382-174B9A8BA79F?project=51556A75-B367-4AC1-99D8-B1323A329CE5&reportName=dailyleads,,,,,,,,,10/20/2021,10/27/2021
EverQuote,Auto - Drive to Site,https://manage.drips.com/Project/Dash/BE0E3C08-4808-47D6-BAF2-F9F6E5A5A239,https://manage.drips.com/Company/Portal/0B73EA35-563F-4E47-B2E5-3ED33CB0DCBF?project=BE0E3C08-4808-47D6-BAF2-F9F6E5A5A239&reportName=dailyleads,9.962%,22.122%,7.730%,17.227%,8.630%,19.607%,4.793%,13.084%,10/20/2021,10/27/2021
EverQuote,Health Insurance,https://manage.drips.com/Project/Dash/C3B60DB5-C137-4625-A95A-8E9DDB4AF6C2,https://manage.drips.com/Company/Portal/0B73EA35-563F-4E47-B2E5-3ED33CB0DCBF?project=C3B60DB5-C137-4625-A95A-8E9DDB4AF6C2&reportName=dailyleads,9.469%,25.686%,6.104%,18.577%,8.179%,20.976%,3.337%,15.765%,10/20/2021,10/27/2021
EverQuote,Home - Drive to Site,https://manage.drips.com/Project/Dash/D35424E2-217D-444F-944F-78998A642681,https://manage.drips.com/Company/Portal/0B73EA35-563F-4E47-B2E5-3ED33CB0DCBF?project=D35424E2-217D-444F-944F-78998A642681&reportName=dailyleads,11.861%,22.800%,9.776%,18.070%,11.074%,20.496%,6.934%,14.786%,10/20/2021,10/27/2021
EverQuote,Life Insurance,https://manage.drips.com/Project/Dash/265A1D7C-AD56-417C-B15A-53334C61CC27,https://manage.drips.com/Company/Portal/0B73EA35-563F-4E47-B2E5-3ED33CB0DCBF?project=265A1D7C-AD56-417C-B15A-53334C61CC27&reportName=dailyleads,12.008%,18.246%,10.182%,12.673%,11.711%,13.532%,5.755%,9.749%,10/20/2021,10/27/2021
Fluent,D2S - AARP - Membership Driver - SMS,https://manage.drips.com/Project/Dash/D8A2FD5E-3AE3-4078-9DCF-8219EDEACBC4,https://manage.drips.com/Company/Portal/CA404D36-FFE7-474C-8DC5-CEF28DB82382?project=D8A2FD5E-3AE3-4078-9DCF-8219EDEACBC4&reportName=dailyleads,1.720%,21.930%,1.230%,18.648%,1.067%,19.055%,1.324%,16.029%,10/20/2021,10/27/2021
Fluent,D2S - Adduco - SSDI - D2S - SMS - Drips,https://manage.drips.com/Project/Dash/FA30C025-22F9-4065-A1A0-13FD1D5525FD,https://manage.drips.com/Company/Portal/CA404D36-FFE7-474C-8DC5-CEF28DB82382?project=FA30C025-22F9-4065-A1A0-13FD1D5525FD&reportName=dailyleads,8.327%,16.880%,7.957%,16.592%,8.201%,17.194%,6.167%,15.520%,10/20/2021,10/27/2021
Fluent,D2S - Aetna - Medicare Supplement - D2S - SMS - Drips,https://manage.drips.com/Project/Dash/CC8B132F-6D86-4261-9454-503E712D8364,https://manage.drips.com/Company/Portal/CA404D36-FFE7-474C-8DC5-CEF28DB82382?project=CC8B132F-6D86-4261-9454-503E712D8364&reportName=dailyleads,,,,,,,,,10/20/2021,10/27/2021
Fluent,D2S - Airfind - Smore App - SMS,https://manage.drips.com/Project/Dash/7CD5E016-504C-4923-9CF0-4C09EC49CEC7,https://manage.drips.com/Company/Portal/CA404D36-FFE7-474C-8DC5-CEF28DB82382?project=7CD5E016-504C-4923-9CF0-4C09EC49CEC7&reportName=dailyleads,,,,,,,,,10/20/2021,10/27/2021
Fluent,D2S - Auto Insurance - D2S - SMS - Drips,https://manage.drips.com/Project/Dash/668E5E69-7F7F-4EC8-9607-056A9C45BAC3,https://manage.drips.com/Company/Portal/CA404D36-FFE7-474C-8DC5-CEF28DB82382?project=668E5E69-7F7F-4EC8-9607-056A9C45BAC3&reportName=dailyleads,4.041%,17.625%,3.369%,16.870%,3.877%,17.730%,2.653%,16.399%,10/20/2021,10/27/2021
Fluent,D2S - Care2 - Animal Petitions - SMS,https://manage.drips.com/Project/Dash/1725ABCE-4290-4ED6-BE1A-F0FA58E4DD56,https://manage.drips.com/Company/Portal/CA404D36-FFE7-474C-8DC5-CEF28DB82382?project=1725ABCE-4290-4ED6-BE1A-F0FA58E4DD56&reportName=dailyleads,,,,,,,,,10/20/2021,10/27/2021
Fluent,D2S - Care2 - Human and Civil Right Petitions - SMS,https://manage.drips.com/Project/Dash/B53BA4AE-FC9A-4F0C-BBD4-658B46A26291,https://manage.drips.com/Company/Portal/CA404D36-FFE7-474C-8DC5-CEF28DB82382?project=B53BA4AE-FC9A-4F0C-BBD4-658B46A26291&reportName=dailyleads,,,,,,,,,10/20/2021,10/27/2021
Fluent,D2S - Class Action Lawsuit - D2S,https://manage.drips.com/Project/Dash/16A15E02-C25C-4C84-88C7-570995C6D74E,https://manage.drips.com/Company/Portal/CA404D36-FFE7-474C-8DC5-CEF28DB82382?project=16A15E02-C25C-4C84-88C7-570995C6D74E&reportName=dailyleads,4.312%,8.651%,3.585%,8.521%,3.417%,9.196%,3.931%,8.054%,10/20/2021,10/27/2021
Fluent,D2S - Clickso - Option City Survey for Money - SMS,https://manage.drips.com/Project/Dash/5576FB74-A426-429C-B583-B43E7D334307,https://manage.drips.com/Company/Portal/CA404D36-FFE7-474C-8DC5-CEF28DB82382?project=5576FB74-A426-429C-B583-B43E7D334307&reportName=dailyleads,,,,,,,,,10/20/2021,10/27/2021
Fluent,D2S - Data Prosper (Inbound.io) - MVA - SMS,https://manage.drips.com/Project/Dash/432AB3A4-DC06-4648-903D-3DBC0D4B7915,https://manage.drips.com/Company/Portal/CA404D36-FFE7-474C-8DC5-CEF28DB82382?project=432AB3A4-DC06-4648-903D-3DBC0D4B7915&reportName=dailyleads,7.158%,14.245%,5.926%,14.167%,7.445%,15.148%,5.479%,12.443%,10/20/2021,10/27/2021
Fluent,D2S - Data Prosper (Inbound.io) - Workers Comp - SMS,https://manage.drips.com/Project/Dash/B7574A7C-330B-40AA-AB30-3A7DFFB529C5,https://manage.drips.com/Company/Portal/CA404D36-FFE7-474C-8DC5-CEF28DB82382?project=B7574A7C-330B-40AA-AB30-3A7DFFB529C5&reportName=dailyleads,,,,,,,,,10/20/2021,10/27/2021
Fluent,D2S - EPCVIP - Auto Insurance - SMS - DR,https://manage.drips.com/Project/Dash/7DEAC7D0-60BA-4AAE-AC97-8C5FA9E8E317,https://manage.drips.com/Company/Portal/CA404D36-FFE7-474C-8DC5-CEF28DB82382?project=7DEAC7D0-60BA-4AAE-AC97-8C5FA9E8E317&reportName=dailyleads,,,,,,,,,10/20/2021,10/27/2021
Fluent,D2S - EPCVIP - Personal Loans - SMS - DR,https://manage.drips.com/Project/Dash/BD3CAFA8-4AF2-4483-A4D8-39D1AB4D30C9,https://manage.drips.com/Company/Portal/CA404D36-FFE7-474C-8DC5-CEF28DB82382?project=BD3CAFA8-4AF2-4483-A4D8-39D1AB4D30C9&reportName=dailyleads,5.649%,15.134%,5.534%,14.906%,5.894%,15.774%,4.082%,12.914%,10/20/2021,10/27/2021
Fluent,D2S - Epsilon - Shoppers Voice - D2S - SMS - Drips,https://manage.drips.com/Project/Dash/790D4C90-2819-4749-9A5F-87F56072BFC6,https://manage.drips.com/Company/Portal/CA404D36-FFE7-474C-8DC5-CEF28DB82382?project=790D4C90-2819-4749-9A5F-87F56072BFC6&reportName=dailyleads,,,,,,,,,10/20/2021,10/27/2021
Fluent,D2S - Geico - Auto Insurance - SMS,https://manage.drips.com/Project/Dash/C6D05886-5A47-4172-BE29-3C775249A825,https://manage.drips.com/Company/Portal/CA404D36-FFE7-474C-8DC5-CEF28DB82382?project=C6D05886-5A47-4172-BE29-3C775249A825&reportName=dailyleads,,,,,,,,,10/20/2021,10/27/2021
Fluent,D2S - Get Trucker Jobs - D2S - SMS - Drips,https://manage.drips.com/Project/Dash/F2FECF59-4888-4C8E-BE61-E2B0C1C10573,https://manage.drips.com/Company/Portal/CA404D36-FFE7-474C-8DC5-CEF28DB82382?project=F2FECF59-4888-4C8E-BE61-E2B0C1C10573&reportName=dailyleads,4.672%,17.616%,4.579%,17.312%,4.964%,17.244%,2.847%,16.596%,10/20/2021,10/27/2021
Fluent,D2S - LexLaw - Credit Repair - D2S - SMS - Drips,https://manage.drips.com/Project/Dash/619195E7-D3A4-4045-A518-5D0A36E3FC6F,https://manage.drips.com/Company/Portal/CA404D36-FFE7-474C-8DC5-CEF28DB82382?project=619195E7-D3A4-4045-A518-5D0A36E3FC6F&reportName=dailyleads,2.185%,13.427%,1.840%,11.698%,1.782%,12.579%,1.442%,11.465%,10/20/2021,10/27/2021
Fluent,D2S - Main - Medicare Supplement - D2S - SMS - Drips,https://manage.drips.com/Project/Dash/724F4362-C6D5-4F87-9652-FA7D31673F3B,https://manage.drips.com/Company/Portal/CA404D36-FFE7-474C-8DC5-CEF28DB82382?project=724F4362-C6D5-4F87-9652-FA7D31673F3B&reportName=dailyleads,,,,,,,,,10/20/2021,10/27/2021
Fluent,D2S - New Lotus - Psychic Zodiac - SMS,https://manage.drips.com/Project/Dash/2F6C4B54-FCF2-4DD4-830F-E93CDA929CDE,https://manage.drips.com/Company/Portal/CA404D36-FFE7-474C-8DC5-CEF28DB82382?project=2F6C4B54-FCF2-4DD4-830F-E93CDA929CDE&reportName=dailyleads,,,,,,,,,10/20/2021,10/27/2021
Fluent,D2S - Nift - Gift Card - D2S,https://manage.drips.com/Project/Dash/D210AD7A-F546-49EB-9990-5220F96FBDE2,https://manage.drips.com/Company/Portal/CA404D36-FFE7-474C-8DC5-CEF28DB82382?project=D210AD7A-F546-49EB-9990-5220F96FBDE2&reportName=dailyleads,,,,,,,,,10/20/2021,10/27/2021
Fluent,D2S - Olive - Auto Warranty - SMS,https://manage.drips.com/Project/Dash/509EF65D-3795-495A-800A-0DB4388922CF,https://manage.drips.com/Company/Portal/CA404D36-FFE7-474C-8DC5-CEF28DB82382?project=509EF65D-3795-495A-800A-0DB4388922CF&reportName=dailyleads,,,,,,,,,10/20/2021,10/27/2021
Fluent,D2S - Penrose - FirstLeaf Wine - SMS,https://manage.drips.com/Project/Dash/AB7F6866-5B3F-448A-BD70-EBB100450D63,https://manage.drips.com/Company/Portal/CA404D36-FFE7-474C-8DC5-CEF28DB82382?project=AB7F6866-5B3F-448A-BD70-EBB100450D63&reportName=dailyleads,,,,,,,,,10/20/2021,10/27/2021
Fluent,D2S - Pentius - Credit Repair - D2S - SMS - Drips,https://manage.drips.com/Project/Dash/52181537-10EB-47D5-ADC1-24CB2BBD95B8,https://manage.drips.com/Company/Portal/CA404D36-FFE7-474C-8DC5-CEF28DB82382?project=52181537-10EB-47D5-ADC1-24CB2BBD95B8&reportName=dailyleads,,,,,,,,,10/20/2021,10/27/2021
Fluent,D2S - Playtika - Casino Games - App,https://manage.drips.com/Project/Dash/B66B7CBF-926C-41AD-BFB3-2D2661EEABCF,https://manage.drips.com/Company/Portal/CA404D36-FFE7-474C-8DC5-CEF28DB82382?project=B66B7CBF-926C-41AD-BFB3-2D2661EEABCF&reportName=dailyleads,7.740%,18.949%,7.826%,18.954%,8.671%,20.045%,6.442%,18.173%,10/20/2021,10/27/2021
Fluent,D2S - Policy Savings - Medicare - SMS,https://manage.drips.com/Project/Dash/5E5EDEC6-A93B-4D6F-929B-A9990687A036,https://manage.drips.com/Company/Portal/CA404D36-FFE7-474C-8DC5-CEF28DB82382?project=5E5EDEC6-A93B-4D6F-929B-A9990687A036&reportName=dailyleads,2.031%,15.262%,1.803%,14.984%,1.848%,16.114%,1.398%,14.398%,10/20/2021,10/27/2021
Fluent,D2S - Stash - Invest - App,https://manage.drips.com/Project/Dash/0546CE0B-8017-4B4F-94AB-616A10ADD78C,https://manage.drips.com/Company/Portal/CA404D36-FFE7-474C-8DC5-CEF28DB82382?project=0546CE0B-8017-4B4F-94AB-616A10ADD78C&reportName=dailyleads,,,,,,,,,10/20/2021,10/27/2021
Fluent,D2S - What If - Class Action Guide - SMS - Drips,https://manage.drips.com/Project/Dash/52F53C2B-48EF-43B3-B96A-1E7B5D6C50CD,https://manage.drips.com/Company/Portal/CA404D36-FFE7-474C-8DC5-CEF28DB82382?project=52F53C2B-48EF-43B3-B96A-1E7B5D6C50CD&reportName=dailyleads,,,,,,,,,10/20/2021,10/27/2021
Fluent,D2S - What If - Unemployment Benefits Guide - SMS,https://manage.drips.com/Project/Dash/EA55B091-078D-4664-878F-B2D001355F62,https://manage.drips.com/Company/Portal/CA404D36-FFE7-474C-8DC5-CEF28DB82382?project=EA55B091-078D-4664-878F-B2D001355F62&reportName=dailyleads,,,,,,,,,10/20/2021,10/27/2021
Fluent,D2S - Winopoly - Customer Service Agent Test - Transactional,https://manage.drips.com/Project/Dash/09F84240-5BAB-4FDC-AAE6-33B03952AC41,https://manage.drips.com/Company/Portal/CA404D36-FFE7-474C-8DC5-CEF28DB82382?project=09F84240-5BAB-4FDC-AAE6-33B03952AC41&reportName=dailyleads,,,,,,,,,10/20/2021,10/27/2021
Fluent,D2S - Winopoly Customer Service Agent Test TFN,https://manage.drips.com/Project/Dash/73327B44-7E12-408D-82CE-EAF8B838FDE5,https://manage.drips.com/Company/Portal/CA404D36-FFE7-474C-8DC5-CEF28DB82382?project=73327B44-7E12-408D-82CE-EAF8B838FDE5&reportName=dailyleads,,,,,,,,,10/20/2021,10/27/2021
Fluent,D2S - Yidio - Streaming - SMS,https://manage.drips.com/Project/Dash/F4B39922-9D21-4A20-B85B-740678A5077B,https://manage.drips.com/Company/Portal/CA404D36-FFE7-474C-8DC5-CEF28DB82382?project=F4B39922-9D21-4A20-B85B-740678A5077B&reportName=dailyleads,,,,,,,,,10/20/2021,10/27/2021
Fluent,D2S - Zebit - Product Financing - SMS,https://manage.drips.com/Project/Dash/286B8A42-C144-4F6F-B557-6F3C72FA86B0,https://manage.drips.com/Company/Portal/CA404D36-FFE7-474C-8DC5-CEF28DB82382?project=286B8A42-C144-4F6F-B557-6F3C72FA86B0&reportName=dailyleads,,,,,,,,,10/20/2021,10/27/2021
Fluent,Vertical - Policy Savings,https://manage.drips.com/Project/Dash/E467F645-3600-43CD-9E8D-2A37A68B2AFA,https://manage.drips.com/Company/Portal/CA404D36-FFE7-474C-8DC5-CEF28DB82382?project=E467F645-3600-43CD-9E8D-2A37A68B2AFA&reportName=dailyleads,,,,,,,,,10/20/2021,10/27/2021
Fluent,Z - Cancer Screening D2S Campaign,https://manage.drips.com/Project/Dash/C2F35939-2520-4D4B-94B9-EBBB5166F3F3,https://manage.drips.com/Company/Portal/CA404D36-FFE7-474C-8DC5-CEF28DB82382?project=C2F35939-2520-4D4B-94B9-EBBB5166F3F3&reportName=dailyleads,,,,,,,,,10/20/2021,10/27/2021
Fluent,Z - Credit Score - D2S,https://manage.drips.com/Project/Dash/A3CC2C24-F098-4480-9470-E17AA517F647,https://manage.drips.com/Company/Portal/CA404D36-FFE7-474C-8DC5-CEF28DB82382?project=A3CC2C24-F098-4480-9470-E17AA517F647&reportName=dailyleads,,,,,,,,,10/20/2021,10/27/2021
Fluent,Z - DO NOT USE - US Rewards - Reactivation - Week 4 - Jobs,https://manage.drips.com/Project/Dash/323B233C-2F63-4490-BFE8-6635959D9FC1,https://manage.drips.com/Company/Portal/CA404D36-FFE7-474C-8DC5-CEF28DB82382?project=323B233C-2F63-4490-BFE8-6635959D9FC1&reportName=dailyleads,,,,,,,,,10/20/2021,10/27/2021
Fluent,Z - EPCVIP - Debt Consolidation - SMS - DR,https://manage.drips.com/Project/Dash/16B55CDF-C8C2-4E02-ACC1-0219A2223D36,https://manage.drips.com/Company/Portal/CA404D36-FFE7-474C-8DC5-CEF28DB82382?project=16B55CDF-C8C2-4E02-ACC1-0219A2223D36&reportName=dailyleads,,,,,,,,,10/20/2021,10/27/2021
Fluent,Z - HT - Hearing Aids - SMS - DR,https://manage.drips.com/Project/Dash/A18F7EC5-4ADB-448A-995E-BCFC39AA1EE1,https://manage.drips.com/Company/Portal/CA404D36-FFE7-474C-8DC5-CEF28DB82382?project=A18F7EC5-4ADB-448A-995E-BCFC39AA1EE1&reportName=dailyleads,,,,,,,,,10/20/2021,10/27/2021
Fluent,Z - TM - Med Supp - D2S,https://manage.drips.com/Project/Dash/0F05FB2F-8AF6-4091-87C6-79683755A33E,https://manage.drips.com/Company/Portal/CA404D36-FFE7-474C-8DC5-CEF28DB82382?project=0F05FB2F-8AF6-4091-87C6-79683755A33E&reportName=dailyleads,,,,,,,,,10/20/2021,10/27/2021
Fluent,Z - Verde Sweepstakes Fresh - PPCall - DR - MSG - AMP:83372|85358,https://manage.drips.com/Project/Dash/D4F92A04-AE39-4796-8D29-92F136D581AE,https://manage.drips.com/Company/Portal/CA404D36-FFE7-474C-8DC5-CEF28DB82382?project=D4F92A04-AE39-4796-8D29-92F136D581AE&reportName=dailyleads,,,,,,,,,10/20/2021,10/27/2021
Fluent,Z - Vivint - Home Security - DR - PPCall - MSG - AMP - DTS,https://manage.drips.com/Project/Dash/9BB8AA64-845B-4110-867C-03BC92FC39E1,https://manage.drips.com/Company/Portal/CA404D36-FFE7-474C-8DC5-CEF28DB82382?project=9BB8AA64-845B-4110-867C-03BC92FC39E1&reportName=dailyleads,,,,,,,,,10/20/2021,10/27/2021
Fluent,Z - Welcome Center - Thank You Gift Box,https://manage.drips.com/Project/Dash/3E850D36-38E8-4ACA-AD6B-6C3AD09CB983,https://manage.drips.com/Company/Portal/CA404D36-FFE7-474C-8DC5-CEF28DB82382?project=3E850D36-38E8-4ACA-AD6B-6C3AD09CB983&reportName=dailyleads,,,,,,,,,10/20/2021,10/27/2021
Fluent - Website Reengagement,Claimed Users - Flash App,https://manage.drips.com/Project/Dash/22313896-3040-4AE9-9BC6-D84264863A44,https://manage.drips.com/Company/Portal/BA6EA97B-9741-40FC-B5B5-0DA747819D48?project=22313896-3040-4AE9-9BC6-D84264863A44&reportName=dailyleads,,,,,,,,,10/20/2021,10/27/2021
Fluent - Website Reengagement,Clickers RT - ATT - Longcode,https://manage.drips.com/Project/Dash/EC87393C-00CB-40F0-A046-555C5736CC7B,https://manage.drips.com/Company/Portal/BA6EA97B-9741-40FC-B5B5-0DA747819D48?project=EC87393C-00CB-40F0-A046-555C5736CC7B&reportName=dailyleads,0.660%,0.528%,0.688%,0.618%,0.957%,1.063%,0.506%,0.455%,10/20/2021,10/27/2021
Fluent - Website Reengagement,Clickers RT - ATT - Longcode - TOLL FREE NUMBERS,https://manage.drips.com/Project/Dash/AAE86084-17B7-467B-9DC6-5768C2038B91,https://manage.drips.com/Company/Portal/BA6EA97B-9741-40FC-B5B5-0DA747819D48?project=AAE86084-17B7-467B-9DC6-5768C2038B91&reportName=dailyleads,,,,,,,,,10/20/2021,10/27/2021
Fluent - Website Reengagement,Clickers RT - Other Carriers,https://manage.drips.com/Project/Dash/DD6DB845-6FDB-4B6E-A83E-9009E4DBC3DD,https://manage.drips.com/Company/Portal/BA6EA97B-9741-40FC-B5B5-0DA747819D48?project=DD6DB845-6FDB-4B6E-A83E-9009E4DBC3DD&reportName=dailyleads,29.594%,15.039%,27.818%,13.770%,30.269%,14.263%,22.417%,10.175%,10/20/2021,10/27/2021
Fluent - Website Reengagement,Clickers RT - Verizon,https://manage.drips.com/Project/Dash/92BFD780-703F-48E7-B145-62054B4C8ABA,https://manage.drips.com/Company/Portal/BA6EA97B-9741-40FC-B5B5-0DA747819D48?project=92BFD780-703F-48E7-B145-62054B4C8ABA&reportName=dailyleads,30.091%,14.618%,27.736%,12.673%,30.433%,14.007%,21.426%,10.173%,10/20/2021,10/27/2021
Fluent - Website Reengagement,Clickers RT - Verizon - TOLL FREE NUMBERS,https://manage.drips.com/Project/Dash/F87DECBC-099A-49A9-B91B-B0B31322F0CC,https://manage.drips.com/Company/Portal/BA6EA97B-9741-40FC-B5B5-0DA747819D48?project=F87DECBC-099A-49A9-B91B-B0B31322F0CC&reportName=dailyleads,,,,,,,,,10/20/2021,10/27/2021
Fluent - Website Reengagement,Converters ATT - NRT,https://manage.drips.com/Project/Dash/F7727F22-E961-4605-9168-7DCAEE2CF65B,https://manage.drips.com/Company/Portal/BA6EA97B-9741-40FC-B5B5-0DA747819D48?project=F7727F22-E961-4605-9168-7DCAEE2CF65B&reportName=dailyleads,,,,,,,,,10/20/2021,10/27/2021
Fluent - Website Reengagement,Converters Day 1 - ATT - Longcode,https://manage.drips.com/Project/Dash/8D5FA3B3-7A0F-49CC-BCD1-CB65C9BCB537,https://manage.drips.com/Company/Portal/BA6EA97B-9741-40FC-B5B5-0DA747819D48?project=8D5FA3B3-7A0F-49CC-BCD1-CB65C9BCB537&reportName=dailyleads,1.390%,0.571%,1.687%,0.453%,1.399%,0.466%,2.211%,0.369%,10/20/2021,10/27/2021
Fluent - Website Reengagement,Converters Day 1 - ATT - Longcode - TOLL FREE NUMBERS,https://manage.drips.com/Project/Dash/D9B4F1D7-9600-4383-B79A-B1DCC031CDC9,https://manage.drips.com/Company/Portal/BA6EA97B-9741-40FC-B5B5-0DA747819D48?project=D9B4F1D7-9600-4383-B79A-B1DCC031CDC9&reportName=dailyleads,,,,,,,,,10/20/2021,10/27/2021
Fluent - Website Reengagement,Converters Day 1 - Other Carriers,https://manage.drips.com/Project/Dash/D4F8D1D0-017E-49E1-AE2A-7B4E7653D11D,https://manage.drips.com/Company/Portal/BA6EA97B-9741-40FC-B5B5-0DA747819D48?project=D4F8D1D0-017E-49E1-AE2A-7B4E7653D11D&reportName=dailyleads,56.604%,18.134%,54.524%,16.357%,57.333%,20.667%,49.458%,10.830%,10/20/2021,10/27/2021
Fluent - Website Reengagement,Converters Day 1 - Verizon,https://manage.drips.com/Project/Dash/653DCE9B-FD4D-49F8-9966-897C2631EA2E,https://manage.drips.com/Company/Portal/BA6EA97B-9741-40FC-B5B5-0DA747819D48?project=653DCE9B-FD4D-49F8-9966-897C2631EA2E&reportName=dailyleads,54.448%,14.666%,52.812%,12.497%,55.732%,14.641%,48.422%,7.888%,10/20/2021,10/27/2021
Fluent - Website Reengagement,Converters Day 1 - Verizon - TOLL FREE NUMBERS,https://manage.drips.com/Project/Dash/54A73E98-7F6F-4B65-887F-062756C0A91A,https://manage.drips.com/Company/Portal/BA6EA97B-9741-40FC-B5B5-0DA747819D48?project=54A73E98-7F6F-4B65-887F-062756C0A91A&reportName=dailyleads,,,,,,,,,10/20/2021,10/27/2021
Fluent - Website Reengagement,Flow Converters RT - Primer -On Hours - Real Time Leads - ATT,https://manage.drips.com/Project/Dash/88EECF1D-107A-4E19-B4C1-672736DBD44F,https://manage.drips.com/Company/Portal/BA6EA97B-9741-40FC-B5B5-0DA747819D48?project=88EECF1D-107A-4E19-B4C1-672736DBD44F&reportName=dailyleads,0.633%,0.413%,0.693%,0.315%,0.374%,0.374%,0.951%,0.475%,10/20/2021,10/27/2021
Fluent - Website Reengagement,Flow Converters RT - Primer -On Hours - Real Time Leads - Other Carriers,https://manage.drips.com/Project/Dash/FC75F546-F3A3-4083-B361-B5AE9E088991,https://manage.drips.com/Company/Portal/BA6EA97B-9741-40FC-B5B5-0DA747819D48?project=FC75F546-F3A3-4083-B361-B5AE9E088991&reportName=dailyleads,31.980%,11.930%,29.134%,10.236%,28.000%,8.000%,24.719%,6.742%,10/20/2021,10/27/2021
Fluent - Website Reengagement,Flow Converters RT - Primer -On Hours - Real Time Leads - Verizon,https://manage.drips.com/Project/Dash/B90ACAC3-235C-4D83-AF50-A1941778E690,https://manage.drips.com/Company/Portal/BA6EA97B-9741-40FC-B5B5-0DA747819D48?project=B90ACAC3-235C-4D83-AF50-A1941778E690&reportName=dailyleads,30.348%,11.014%,27.577%,9.243%,29.138%,8.163%,20.960%,8.423%,10/20/2021,10/27/2021
Fluent - Website Reengagement,Jobs - Resubscribes,https://manage.drips.com/Project/Dash/CE4C06C0-DE28-44E0-94E8-F5ABFFBCABC9,https://manage.drips.com/Company/Portal/BA6EA97B-9741-40FC-B5B5-0DA747819D48?project=CE4C06C0-DE28-44E0-94E8-F5ABFFBCABC9&reportName=dailyleads,17.697%,17.901%,14.761%,15.474%,15.770%,15.482%,11.738%,14.648%,10/20/2021,10/27/2021
Fluent - Website Reengagement,Jobs - Resubscribes - Link First,https://manage.drips.com/Project/Dash/DE1C40AA-B0B6-40B0-8382-7C06366F2B6E,https://manage.drips.com/Company/Portal/BA6EA97B-9741-40FC-B5B5-0DA747819D48?project=DE1C40AA-B0B6-40B0-8382-7C06366F2B6E&reportName=dailyleads,23.234%,11.369%,18.337%,9.046%,17.891%,7.987%,13.651%,8.889%,10/20/2021,10/27/2021
Fluent - Website Reengagement,Jobs SMS - OUTSIDE,https://manage.drips.com/Project/Dash/98ECCFAD-8139-407D-80D8-DC9CF690D811,https://manage.drips.com/Company/Portal/BA6EA97B-9741-40FC-B5B5-0DA747819D48?project=98ECCFAD-8139-407D-80D8-DC9CF690D811&reportName=dailyleads,18.298%,12.730%,15.906%,10.856%,16.885%,11.605%,12.851%,9.975%,10/20/2021,10/27/2021
Fluent - Website Reengagement,Jobs SMS - OUTSIDE - Link First,https://manage.drips.com/Project/Dash/C9A818AD-55B6-4E55-A1EC-D587F1C325A3,https://manage.drips.com/Company/Portal/BA6EA97B-9741-40FC-B5B5-0DA747819D48?project=C9A818AD-55B6-4E55-A1EC-D587F1C325A3&reportName=dailyleads,51.541%,10.174%,47.650%,8.740%,48.662%,8.127%,43.513%,9.120%,10/20/2021,10/27/2021
Fluent - Website Reengagement,Join,https://manage.drips.com/Project/Dash/2B5D6603-8310-49B5-98C1-32C3BE4A1F1C,https://manage.drips.com/Company/Portal/BA6EA97B-9741-40FC-B5B5-0DA747819D48?project=2B5D6603-8310-49B5-98C1-32C3BE4A1F1C&reportName=dailyleads,,,,,,,,,10/20/2021,10/27/2021
Fluent - Website Reengagement,Join - SV,https://manage.drips.com/Project/Dash/0D7A8596-9026-4B86-86FD-875ED80526C1,https://manage.drips.com/Company/Portal/BA6EA97B-9741-40FC-B5B5-0DA747819D48?project=0D7A8596-9026-4B86-86FD-875ED80526C1&reportName=dailyleads,22.932%,11.028%,22.418%,9.068%,22.727%,9.091%,20.175%,7.895%,10/20/2021,10/27/2021
Fluent - Website Reengagement,Join - Sweeps,https://manage.drips.com/Project/Dash/2722EA3A-F6E9-41F1-A6E1-AFF3E0BD0C2E,https://manage.drips.com/Company/Portal/BA6EA97B-9741-40FC-B5B5-0DA747819D48?project=2722EA3A-F6E9-41F1-A6E1-AFF3E0BD0C2E&reportName=dailyleads,,,,,,,,,10/20/2021,10/27/2021
Fluent - Website Reengagement,Reengagement Aged - Other Carriers,https://manage.drips.com/Project/Dash/7D56910A-FE5E-41A1-9456-59EFB2FD83D2,https://manage.drips.com/Company/Portal/BA6EA97B-9741-40FC-B5B5-0DA747819D48?project=7D56910A-FE5E-41A1-9456-59EFB2FD83D2&reportName=dailyleads,5.587%,3.679%,4.362%,3.104%,5.633%,3.703%,2.856%,2.573%,10/20/2021,10/27/2021
Fluent - Website Reengagement,Re-subscribes,https://manage.drips.com/Project/Dash/23C9094A-7A0C-4E4D-AF4D-07DFFEC5182E,https://manage.drips.com/Company/Portal/BA6EA97B-9741-40FC-B5B5-0DA747819D48?project=23C9094A-7A0C-4E4D-AF4D-07DFFEC5182E&reportName=dailyleads,16.296%,13.104%,14.608%,10.983%,15.197%,11.414%,12.339%,8.575%,10/20/2021,10/27/2021
Fluent - Website Reengagement,Re-subscribes - Off Hours (12a-8a),https://manage.drips.com/Project/Dash/4734719E-58D7-4999-BC7C-13590E7218BB,https://manage.drips.com/Company/Portal/BA6EA97B-9741-40FC-B5B5-0DA747819D48?project=4734719E-58D7-4999-BC7C-13590E7218BB&reportName=dailyleads,,,,,,,,,10/20/2021,10/27/2021
Fluent - Website Reengagement,Re-subscribes - Off Hours (12a-8a)- Verizon,https://manage.drips.com/Project/Dash/91A2AA33-62D7-4B6B-8D59-C28892891221,https://manage.drips.com/Company/Portal/BA6EA97B-9741-40FC-B5B5-0DA747819D48?project=91A2AA33-62D7-4B6B-8D59-C28892891221&reportName=dailyleads,,,,,,,,,10/20/2021,10/27/2021
Fluent - Website Reengagement,Re-subscribes - Off Hours (8p-11:59p),https://manage.drips.com/Project/Dash/E9D139D9-C4DC-453D-9311-539BA75511A6,https://manage.drips.com/Company/Portal/BA6EA97B-9741-40FC-B5B5-0DA747819D48?project=E9D139D9-C4DC-453D-9311-539BA75511A6&reportName=dailyleads,,,,,,,,,10/20/2021,10/27/2021
Fluent - Website Reengagement,Re-subscribes - Off Hours (8p-11:59p) - Verizon,https://manage.drips.com/Project/Dash/83907CAE-49C1-4B99-9EEA-32C72F40ED85,https://manage.drips.com/Company/Portal/BA6EA97B-9741-40FC-B5B5-0DA747819D48?project=83907CAE-49C1-4B99-9EEA-32C72F40ED85&reportName=dailyleads,,,,,,,,,10/20/2021,10/27/2021
Fluent - Website Reengagement,Re-subscribes - Verizon,https://manage.drips.com/Project/Dash/9296BCBF-3D32-4701-B357-80606160A357,https://manage.drips.com/Company/Portal/BA6EA97B-9741-40FC-B5B5-0DA747819D48?project=9296BCBF-3D32-4701-B357-80606160A357&reportName=dailyleads,,,,,,,,,10/20/2021,10/27/2021
Fluent - Website Reengagement,Reward Reg Day 1 - On Hours - ATT,https://manage.drips.com/Project/Dash/8B21636A-7C75-40ED-912F-7872043EC68E,https://manage.drips.com/Company/Portal/BA6EA97B-9741-40FC-B5B5-0DA747819D48?project=8B21636A-7C75-40ED-912F-7872043EC68E&reportName=dailyleads,0.546%,0.420%,0.586%,0.293%,0.460%,0.920%,0.537%,0.000%,10/20/2021,10/27/2021
Fluent - Website Reengagement,Reward Reg Day 1 - On Hours - Other Carriers,https://manage.drips.com/Project/Dash/B1C5A732-0808-4C65-A174-925DD1F2AB96,https://manage.drips.com/Company/Portal/BA6EA97B-9741-40FC-B5B5-0DA747819D48?project=B1C5A732-0808-4C65-A174-925DD1F2AB96&reportName=dailyleads,24.057%,18.531%,21.364%,15.758%,22.172%,16.290%,16.034%,14.768%,10/20/2021,10/27/2021
Fluent - Website Reengagement,Reward Reg Day 1 - On Hours - Verizon,https://manage.drips.com/Project/Dash/38219EA0-15AE-4676-ABCC-3B86BABB2C0C,https://manage.drips.com/Company/Portal/BA6EA97B-9741-40FC-B5B5-0DA747819D48?project=38219EA0-15AE-4676-ABCC-3B86BABB2C0C&reportName=dailyleads,24.528%,16.869%,21.895%,15.137%,23.676%,15.369%,18.139%,13.628%,10/20/2021,10/27/2021
Fluent - Website Reengagement,ROUTER : Converters Day 1,https://manage.drips.com/Project/Dash/1748AAF6-D712-4380-9958-6B9E66D6BAD8,https://manage.drips.com/Company/Portal/BA6EA97B-9741-40FC-B5B5-0DA747819D48?project=1748AAF6-D712-4380-9958-6B9E66D6BAD8&reportName=dailyleads,0.000%,0.114%,0.000%,0.106%,0.000%,0.081%,0.000%,0.118%,10/20/2021,10/27/2021
Fluent - Website Reengagement,ROUTER : Reward Reg Day 1 - On Hours,https://manage.drips.com/Project/Dash/C9688251-58D2-4DE7-966F-441E5BD04D19,https://manage.drips.com/Company/Portal/BA6EA97B-9741-40FC-B5B5-0DA747819D48?project=C9688251-58D2-4DE7-966F-441E5BD04D19&reportName=dailyleads,0.000%,0.079%,0.000%,0.074%,0.000%,0.079%,0.000%,0.078%,10/20/2021,10/27/2021
Fluent - Website Reengagement,ROUTER: Clickers RT,https://manage.drips.com/Project/Dash/60D638BB-634A-4439-AF0F-C239DEDAAEF6,https://manage.drips.com/Company/Portal/BA6EA97B-9741-40FC-B5B5-0DA747819D48?project=60D638BB-634A-4439-AF0F-C239DEDAAEF6&reportName=dailyleads,0.000%,0.169%,0.000%,0.179%,0.000%,0.181%,0.000%,0.189%,10/20/2021,10/27/2021
Fluent - Website Reengagement,ROUTER: Flow Converters RT - Primer -On Hours - Real Time Leads,https://manage.drips.com/Project/Dash/4F4028C9-24CE-414B-9F4C-4FFA31D31DC4,https://manage.drips.com/Company/Portal/BA6EA97B-9741-40FC-B5B5-0DA747819D48?project=4F4028C9-24CE-414B-9F4C-4FFA31D31DC4&reportName=dailyleads,0.000%,0.071%,0.000%,0.059%,0.000%,0.031%,0.000%,0.057%,10/20/2021,10/27/2021
Fluent - Website Reengagement,ROUTER: Viewers Day 1 - On Hours,https://manage.drips.com/Project/Dash/1527A868-37A9-40BC-A045-2FAC9479669C,https://manage.drips.com/Company/Portal/BA6EA97B-9741-40FC-B5B5-0DA747819D48?project=1527A868-37A9-40BC-A045-2FAC9479669C&reportName=dailyleads,0.000%,0.106%,0.000%,0.102%,0.000%,0.096%,0.000%,0.134%,10/20/2021,10/27/2021
Fluent - Website Reengagement,Samples SMS,https://manage.drips.com/Project/Dash/039D8663-8C1B-438B-A18A-763D9166D1D9,https://manage.drips.com/Company/Portal/BA6EA97B-9741-40FC-B5B5-0DA747819D48?project=039D8663-8C1B-438B-A18A-763D9166D1D9&reportName=dailyleads,5.976%,7.254%,5.637%,6.992%,6.217%,8.144%,3.597%,5.108%,10/20/2021,10/27/2021
Fluent - Website Reengagement,Survey Voices On Hours,https://manage.drips.com/Project/Dash/AD54591A-F32E-41F5-B8A8-1D657CE54364,https://manage.drips.com/Company/Portal/BA6EA97B-9741-40FC-B5B5-0DA747819D48?project=AD54591A-F32E-41F5-B8A8-1D657CE54364&reportName=dailyleads,17.416%,7.936%,16.174%,6.869%,17.423%,8.176%,12.585%,5.086%,10/20/2021,10/27/2021
Fluent - Website Reengagement,Survey Voices On Hours - Verizon,https://manage.drips.com/Project/Dash/1A3C2E7B-72DD-44FD-83B8-856FA827C447,https://manage.drips.com/Company/Portal/BA6EA97B-9741-40FC-B5B5-0DA747819D48?project=1A3C2E7B-72DD-44FD-83B8-856FA827C447&reportName=dailyleads,25.888%,13.160%,22.300%,11.989%,23.538%,12.984%,15.611%,9.010%,10/20/2021,10/27/2021
Fluent - Website Reengagement,SV - Resubscribes,https://manage.drips.com/Project/Dash/6E3E1C0A-108D-40A0-BDDA-4F4D9EE08ABA,https://manage.drips.com/Company/Portal/BA6EA97B-9741-40FC-B5B5-0DA747819D48?project=6E3E1C0A-108D-40A0-BDDA-4F4D9EE08ABA&reportName=dailyleads,19.201%,16.849%,18.616%,16.226%,20.073%,14.234%,12.775%,13.216%,10/20/2021,10/27/2021
Fluent - Website Reengagement,Sweeps - Resubscribes,https://manage.drips.com/Project/Dash/0BD66403-18FD-48CE-8DFD-CFA6E344BE14,https://manage.drips.com/Company/Portal/BA6EA97B-9741-40FC-B5B5-0DA747819D48?project=0BD66403-18FD-48CE-8DFD-CFA6E344BE14&reportName=dailyleads,,,,,,,,,10/20/2021,10/27/2021
Fluent - Website Reengagement,Sweeps Confirmation,https://manage.drips.com/Project/Dash/E8F8825F-2A26-49FA-AB49-E898441D4305,https://manage.drips.com/Company/Portal/BA6EA97B-9741-40FC-B5B5-0DA747819D48?project=E8F8825F-2A26-49FA-AB49-E898441D4305&reportName=dailyleads,,,,,,,,,10/20/2021,10/27/2021
Fluent - Website Reengagement,Sweeps SMS,https://manage.drips.com/Project/Dash/C9C1F190-310F-485B-8CF3-8FC44AAD0A78,https://manage.drips.com/Company/Portal/BA6EA97B-9741-40FC-B5B5-0DA747819D48?project=C9C1F190-310F-485B-8CF3-8FC44AAD0A78&reportName=dailyleads,14.380%,7.036%,12.720%,5.773%,14.248%,4.898%,6.969%,5.069%,10/20/2021,10/27/2021
Fluent - Website Reengagement,UK - Converter Transactional,https://manage.drips.com/Project/Dash/A971A903-85D4-4EA9-B8A0-AFF47FA1D7B4,https://manage.drips.com/Company/Portal/BA6EA97B-9741-40FC-B5B5-0DA747819D48?project=A971A903-85D4-4EA9-B8A0-AFF47FA1D7B4&reportName=dailyleads,,,,,,,,,10/20/2021,10/27/2021
Fluent - Website Reengagement,UK Converter Waterfall,https://manage.drips.com/Project/Dash/FDF644B7-2EEA-4336-8407-9B01CA068CF0,https://manage.drips.com/Company/Portal/BA6EA97B-9741-40FC-B5B5-0DA747819D48?project=FDF644B7-2EEA-4336-8407-9B01CA068CF0&reportName=dailyleads,,,,,,,,,10/20/2021,10/27/2021
Fluent - Website Reengagement,UK Welcome Series,https://manage.drips.com/Project/Dash/4792427D-C5D8-4012-9E6B-7DA33828B95F,https://manage.drips.com/Company/Portal/BA6EA97B-9741-40FC-B5B5-0DA747819D48?project=4792427D-C5D8-4012-9E6B-7DA33828B95F&reportName=dailyleads,22.829%,4.331%,21.843%,4.449%,22.796%,4.359%,19.208%,4.012%,10/20/2021,10/27/2021
Fluent - Website Reengagement,US Rewards - Reactivation - Week 1 - Rewards,https://manage.drips.com/Project/Dash/BA1C79C2-45B9-4C3F-85EA-506734828598,https://manage.drips.com/Company/Portal/BA6EA97B-9741-40FC-B5B5-0DA747819D48?project=BA1C79C2-45B9-4C3F-85EA-506734828598&reportName=dailyleads,,,,,,,,,10/20/2021,10/27/2021
Fluent - Website Reengagement,US Rewards - Reactivation - Week 2 - Sweeps,https://manage.drips.com/Project/Dash/06E9EF06-7F69-4417-895A-08B3E74F05AB,https://manage.drips.com/Company/Portal/BA6EA97B-9741-40FC-B5B5-0DA747819D48?project=06E9EF06-7F69-4417-895A-08B3E74F05AB&reportName=dailyleads,,,,,,,,,10/20/2021,10/27/2021
Fluent - Website Reengagement,US Rewards - Reactivation - Week 3 - Survey Voices,https://manage.drips.com/Project/Dash/1DD7D06F-8E74-4CF8-AD14-6267E017EFB8,https://manage.drips.com/Company/Portal/BA6EA97B-9741-40FC-B5B5-0DA747819D48?project=1DD7D06F-8E74-4CF8-AD14-6267E017EFB8&reportName=dailyleads,,,,,,,,,10/20/2021,10/27/2021
Fluent - Website Reengagement,US Rewards - Reactivation - Week 4 - Jobs,https://manage.drips.com/Project/Dash/DB463356-00DB-495A-9577-23111F6B90E2,https://manage.drips.com/Company/Portal/BA6EA97B-9741-40FC-B5B5-0DA747819D48?project=DB463356-00DB-495A-9577-23111F6B90E2&reportName=dailyleads,,,,,,,,,10/20/2021,10/27/2021
Fluent - Website Reengagement,Vertical - Policy Savings,https://manage.drips.com/Project/Dash/D3CDE91E-17C0-438E-AFC5-3F35A6D9DE2A,https://manage.drips.com/Company/Portal/BA6EA97B-9741-40FC-B5B5-0DA747819D48?project=D3CDE91E-17C0-438E-AFC5-3F35A6D9DE2A&reportName=dailyleads,,,,,,,,,10/20/2021,10/27/2021
Fluent - Website Reengagement,Viewers Day 1 - On Hours - ATT,https://manage.drips.com/Project/Dash/0057C55A-30E8-43C7-8FCD-2214D148C35A,https://manage.drips.com/Company/Portal/BA6EA97B-9741-40FC-B5B5-0DA747819D48?project=0057C55A-30E8-43C7-8FCD-2214D148C35A&reportName=dailyleads,0.495%,0.707%,0.284%,0.608%,0.117%,0.821%,0.487%,0.365%,10/20/2021,10/27/2021
Fluent - Website Reengagement,Viewers Day 1 - On Hours - Other Carriers,https://manage.drips.com/Project/Dash/58171E2E-1F15-48AD-A2CC-32A61357A784,https://manage.drips.com/Company/Portal/BA6EA97B-9741-40FC-B5B5-0DA747819D48?project=58171E2E-1F15-48AD-A2CC-32A61357A784&reportName=dailyleads,16.819%,20.204%,15.581%,19.923%,16.475%,22.989%,15.385%,16.667%,10/20/2021,10/27/2021
Fluent - Website Reengagement,Viewers Day 1 - On Hours - Verizon,https://manage.drips.com/Project/Dash/916EC9F9-5F41-460F-9EB8-C83DD813D62D,https://manage.drips.com/Company/Portal/BA6EA97B-9741-40FC-B5B5-0DA747819D48?project=916EC9F9-5F41-460F-9EB8-C83DD813D62D&reportName=dailyleads,20.138%,16.663%,18.143%,13.905%,18.530%,14.778%,14.436%,11.654%,10/20/2021,10/27/2021
Fluent - Website Reengagement,Z - Clickers Off Hours (12a-8a),https://manage.drips.com/Project/Dash/7AC29021-5B88-41D3-B6C0-2D6CA7052FDC,https://manage.drips.com/Company/Portal/BA6EA97B-9741-40FC-B5B5-0DA747819D48?project=7AC29021-5B88-41D3-B6C0-2D6CA7052FDC&reportName=dailyleads,,,,,,,,,10/20/2021,10/27/2021
Fluent - Website Reengagement,Z - Clickers Off Hours (12a-8a) - Verizon,https://manage.drips.com/Project/Dash/F9E8BD10-399C-421D-875A-7641911580AB,https://manage.drips.com/Company/Portal/BA6EA97B-9741-40FC-B5B5-0DA747819D48?project=F9E8BD10-399C-421D-875A-7641911580AB&reportName=dailyleads,,,,,,,,,10/20/2021,10/27/2021
Fluent - Website Reengagement,Z - Clickers Off Hours (8p-11:59p),https://manage.drips.com/Project/Dash/069EED49-4343-4AA1-8CFB-8F00E37694CE,https://manage.drips.com/Company/Portal/BA6EA97B-9741-40FC-B5B5-0DA747819D48?project=069EED49-4343-4AA1-8CFB-8F00E37694CE&reportName=dailyleads,,,,,,,,,10/20/2021,10/27/2021
Fluent - Website Reengagement,Z - Clickers Off Hours (8p-11:59p) - Verizon,https://manage.drips.com/Project/Dash/418AE4FA-3CF1-40A3-B88C-03F2752BB522,https://manage.drips.com/Company/Portal/BA6EA97B-9741-40FC-B5B5-0DA747819D48?project=418AE4FA-3CF1-40A3-B88C-03F2752BB522&reportName=dailyleads,,,,,,,,,10/20/2021,10/27/2021
Fluent - Website Reengagement,Z - EDU SMS,https://manage.drips.com/Project/Dash/D575A095-2543-48CF-8393-5AC53E51D5E9,https://manage.drips.com/Company/Portal/BA6EA97B-9741-40FC-B5B5-0DA747819D48?project=D575A095-2543-48CF-8393-5AC53E51D5E9&reportName=dailyleads,,,,,,,,,10/20/2021,10/27/2021
Fluent - Website Reengagement,Z - Flow Converters RT - Primer - Off Hours - 12a-8a,https://manage.drips.com/Project/Dash/340DEE2B-62B6-45EB-A9AF-3658E5FDE8E0,https://manage.drips.com/Company/Portal/BA6EA97B-9741-40FC-B5B5-0DA747819D48?project=340DEE2B-62B6-45EB-A9AF-3658E5FDE8E0&reportName=dailyleads,,,,,,,,,10/20/2021,10/27/2021
Fluent - Website Reengagement,Z - Flow Converters RT - Primer - Off Hours - 12a-8a - Verizon,https://manage.drips.com/Project/Dash/A69F9C29-82A3-4045-8741-09F23E569E93,https://manage.drips.com/Company/Portal/BA6EA97B-9741-40FC-B5B5-0DA747819D48?project=A69F9C29-82A3-4045-8741-09F23E569E93&reportName=dailyleads,,,,,,,,,10/20/2021,10/27/2021
Fluent - Website Reengagement,Z - Flow Converters RT - Primer - Off Hours - 8p-11:59p,https://manage.drips.com/Project/Dash/0127E219-6490-4524-9E27-6711832AB033,https://manage.drips.com/Company/Portal/BA6EA97B-9741-40FC-B5B5-0DA747819D48?project=0127E219-6490-4524-9E27-6711832AB033&reportName=dailyleads,,,,,,,,,10/20/2021,10/27/2021
Fluent - Website Reengagement,Z - Flow Converters RT - Primer - Off Hours - 8p-11:59p  - Sprint,https://manage.drips.com/Project/Dash/CC39ED60-80F8-4F2C-A65B-52F83AB38FB4,https://manage.drips.com/Company/Portal/BA6EA97B-9741-40FC-B5B5-0DA747819D48?project=CC39ED60-80F8-4F2C-A65B-52F83AB38FB4&reportName=dailyleads,,,,,,,,,10/20/2021,10/27/2021
Fluent - Website Reengagement,Z - Flow Converters RT - Primer - Off Hours - 8p-11:59p - Verizon,https://manage.drips.com/Project/Dash/8262D475-5DC3-47EE-9178-7C473545BD12,https://manage.drips.com/Company/Portal/BA6EA97B-9741-40FC-B5B5-0DA747819D48?project=8262D475-5DC3-47EE-9178-7C473545BD12&reportName=dailyleads,,,,,,,,,10/20/2021,10/27/2021
Fluent - Website Reengagement,Z - Lucky Spinner,https://manage.drips.com/Project/Dash/7A0DE3D8-C72E-47B3-9260-169476F9264A,https://manage.drips.com/Company/Portal/BA6EA97B-9741-40FC-B5B5-0DA747819D48?project=7A0DE3D8-C72E-47B3-9260-169476F9264A&reportName=dailyleads,,,,,,,,,10/20/2021,10/27/2021
Fluent - Website Reengagement,Z - Lucky Spinner - Verizon,https://manage.drips.com/Project/Dash/310892EC-57A6-4FB1-A908-D80F7A6888F4,https://manage.drips.com/Company/Portal/BA6EA97B-9741-40FC-B5B5-0DA747819D48?project=310892EC-57A6-4FB1-A908-D80F7A6888F4&reportName=dailyleads,,,,,,,,,10/20/2021,10/27/2021
Fluent - Website Reengagement,Z - New TCPA Day 1 - Verizon,https://manage.drips.com/Project/Dash/F8278C57-8FCB-47D4-BE54-F0EE284BF3BF,https://manage.drips.com/Company/Portal/BA6EA97B-9741-40FC-B5B5-0DA747819D48?project=F8278C57-8FCB-47D4-BE54-F0EE284BF3BF&reportName=dailyleads,,,,,,,,,10/20/2021,10/27/2021
Fluent - Website Reengagement,Z - ON HOLD - Converters Day 1 - ATT - Toll Free,https://manage.drips.com/Project/Dash/3C8FAE59-A881-4FED-A5AA-92B99902BABB,https://manage.drips.com/Company/Portal/BA6EA97B-9741-40FC-B5B5-0DA747819D48?project=3C8FAE59-A881-4FED-A5AA-92B99902BABB&reportName=dailyleads,,,,,,,,,10/20/2021,10/27/2021
Fluent - Website Reengagement,Z - Pay Per Call Transfers,https://manage.drips.com/Project/Dash/A65EE512-3206-43BB-ADF4-3C398E9B1557,https://manage.drips.com/Company/Portal/BA6EA97B-9741-40FC-B5B5-0DA747819D48?project=A65EE512-3206-43BB-ADF4-3C398E9B1557&reportName=dailyleads,,,,,,,,,10/20/2021,10/27/2021
Fluent - Website Reengagement,Z - Reward Reg Day 1 - Off Hours (12a-8a),https://manage.drips.com/Project/Dash/D8B30375-D6D0-4091-9765-8B95387AAE38,https://manage.drips.com/Company/Portal/BA6EA97B-9741-40FC-B5B5-0DA747819D48?project=D8B30375-D6D0-4091-9765-8B95387AAE38&reportName=dailyleads,,,,,,,,,10/20/2021,10/27/2021
Fluent - Website Reengagement,Z - Reward Reg Day 1 - Off Hours (12a-8a) - Verizon,https://manage.drips.com/Project/Dash/FE6807CC-8EF9-4BF9-B7E4-F156B9D7582A,https://manage.drips.com/Company/Portal/BA6EA97B-9741-40FC-B5B5-0DA747819D48?project=FE6807CC-8EF9-4BF9-B7E4-F156B9D7582A&reportName=dailyleads,,,,,,,,,10/20/2021,10/27/2021
Fluent - Website Reengagement,Z - Reward Reg Day 1 - Off Hours (8p-11:59p),https://manage.drips.com/Project/Dash/32BB8D01-3BA4-495C-866D-3051240ED18D,https://manage.drips.com/Company/Portal/BA6EA97B-9741-40FC-B5B5-0DA747819D48?project=32BB8D01-3BA4-495C-866D-3051240ED18D&reportName=dailyleads,,,,,,,,,10/20/2021,10/27/2021
Fluent - Website Reengagement,Z - Reward Reg Day 1 - Off Hours (8p-11:59p) - Verizon,https://manage.drips.com/Project/Dash/76CC8C0E-8ED4-4274-AD58-A9327A73C51D,https://manage.drips.com/Company/Portal/BA6EA97B-9741-40FC-B5B5-0DA747819D48?project=76CC8C0E-8ED4-4274-AD58-A9327A73C51D&reportName=dailyleads,,,,,,,,,10/20/2021,10/27/2021
Fluent - Website Reengagement,Z - Survey Voices - High Paying Surveys - SMS,https://manage.drips.com/Project/Dash/6DDC8F43-A1B5-4A5F-94C8-BDE1BCC25B02,https://manage.drips.com/Company/Portal/BA6EA97B-9741-40FC-B5B5-0DA747819D48?project=6DDC8F43-A1B5-4A5F-94C8-BDE1BCC25B02&reportName=dailyleads,,,,,,,,,10/20/2021,10/27/2021
Fluent - Website Reengagement,Z - Survey Voices Off Hours - Original,https://manage.drips.com/Project/Dash/BB4AB1D8-97A3-45CF-AD37-2E22E60B3A9F,https://manage.drips.com/Company/Portal/BA6EA97B-9741-40FC-B5B5-0DA747819D48?project=BB4AB1D8-97A3-45CF-AD37-2E22E60B3A9F&reportName=dailyleads,,,,,,,,,10/20/2021,10/27/2021
Fluent - Website Reengagement,Z - Survey Voices Off Hours - Original - Verizon,https://manage.drips.com/Project/Dash/405A90F0-B3B6-4CAB-ABEB-D4C03EB328A5,https://manage.drips.com/Company/Portal/BA6EA97B-9741-40FC-B5B5-0DA747819D48?project=405A90F0-B3B6-4CAB-ABEB-D4C03EB328A5&reportName=dailyleads,,,,,,,,,10/20/2021,10/27/2021
Fluent - Website Reengagement,Z - Survey Voices Off Hours - Original #2,https://manage.drips.com/Project/Dash/F51C554B-89C3-421C-8020-FBCFF93FCBC9,https://manage.drips.com/Company/Portal/BA6EA97B-9741-40FC-B5B5-0DA747819D48?project=F51C554B-89C3-421C-8020-FBCFF93FCBC9&reportName=dailyleads,,,,,,,,,10/20/2021,10/27/2021
Fluent - Website Reengagement,Z - Survey Voices Off Hours - Original #2 - Verizon,https://manage.drips.com/Project/Dash/52D7C2A5-922D-45DD-8C90-886F95DB7900,https://manage.drips.com/Company/Portal/BA6EA97B-9741-40FC-B5B5-0DA747819D48?project=52D7C2A5-922D-45DD-8C90-886F95DB7900&reportName=dailyleads,,,,,,,,,10/20/2021,10/27/2021
Fluent - Website Reengagement,Z - Viewers Day 1 - Off Hours (12a-8a),https://manage.drips.com/Project/Dash/83AF8F2E-D314-45E9-A33A-A6EE657BEC8F,https://manage.drips.com/Company/Portal/BA6EA97B-9741-40FC-B5B5-0DA747819D48?project=83AF8F2E-D314-45E9-A33A-A6EE657BEC8F&reportName=dailyleads,,,,,,,,,10/20/2021,10/27/2021
Fluent - Website Reengagement,Z - Viewers Day 1 - Off Hours (12a-8a) - Verizon,https://manage.drips.com/Project/Dash/883EF58C-1ADE-4AD2-AF86-8DEFED51F7EB,https://manage.drips.com/Company/Portal/BA6EA97B-9741-40FC-B5B5-0DA747819D48?project=883EF58C-1ADE-4AD2-AF86-8DEFED51F7EB&reportName=dailyleads,,,,,,,,,10/20/2021,10/27/2021
Fluent - Website Reengagement,Z - Viewers Day 1 - Off Hours (8p-11:59p),https://manage.drips.com/Project/Dash/78F93CAD-750D-4679-9592-600EC3808261,https://manage.drips.com/Company/Portal/BA6EA97B-9741-40FC-B5B5-0DA747819D48?project=78F93CAD-750D-4679-9592-600EC3808261&reportName=dailyleads,,,,,,,,,10/20/2021,10/27/2021
Fluent - Website Reengagement,Z - Viewers Day 1 - Off Hours (8p-11:59p) - Verizon,https://manage.drips.com/Project/Dash/4C5A1729-16F7-4D2D-BECB-9C7D14943E39,https://manage.drips.com/Company/Portal/BA6EA97B-9741-40FC-B5B5-0DA747819D48?project=4C5A1729-16F7-4D2D-BECB-9C7D14943E39&reportName=dailyleads,,,,,,,,,10/20/2021,10/27/2021
Fluent - Website Reengagement,Z -New TCPA Day 1,https://manage.drips.com/Project/Dash/A30BE744-F4CB-47B3-8B0B-BF87D2E9AD2A,https://manage.drips.com/Company/Portal/BA6EA97B-9741-40FC-B5B5-0DA747819D48?project=A30BE744-F4CB-47B3-8B0B-BF87D2E9AD2A&reportName=dailyleads,,,,,,,,,10/20/2021,10/27/2021
Gainsco Insurance,Bill Reminder,https://manage.drips.com/Project/Dash/56BE36A7-F515-4A5C-B6D4-741FC6409110,https://manage.drips.com/Company/Portal/3D522594-319C-4685-93C8-FD21206BB41C?project=56BE36A7-F515-4A5C-B6D4-741FC6409110&reportName=dailyleads,0.106%,3.435%,0.564%,3.008%,0.599%,2.395%,0.461%,4.608%,10/20/2021,10/27/2021
Gainsco Insurance,Welcome Campaign,https://manage.drips.com/Project/Dash/9071CAC0-8AD8-4EBE-AFF0-AE49F3DE7E8B,https://manage.drips.com/Company/Portal/3D522594-319C-4685-93C8-FD21206BB41C?project=9071CAC0-8AD8-4EBE-AFF0-AE49F3DE7E8B&reportName=dailyleads,15.909%,6.818%,2.128%,4.255%,0.000%,11.765%,3.333%,0.000%,10/20/2021,10/27/2021
InfoCision Management Corporation,Cox - Drive to App,https://manage.drips.com/Project/Dash/BB6B3D49-3736-4F90-B5F6-BC8FB3E1B990,https://manage.drips.com/Company/Portal/156089A9-A869-44B3-B2C6-92836F488D9A?project=BB6B3D49-3736-4F90-B5F6-BC8FB3E1B990&reportName=dailyleads,,,,,,,,,10/20/2021,10/27/2021
Interest Media,CoReg D2S,https://manage.drips.com/Project/Dash/01C51FF0-D784-46E2-A28F-C37DC08718DD,https://manage.drips.com/Company/Portal/B77ACDEA-8BD3-42A5-901E-8D3727B96971?project=01C51FF0-D784-46E2-A28F-C37DC08718DD&reportName=dailyleads,,,,,,,,,10/20/2021,10/27/2021
Interest Media,CoReg D2S - ATT,https://manage.drips.com/Project/Dash/FBD18E83-7892-4BC6-A32E-B61FB7B1A52C,https://manage.drips.com/Company/Portal/B77ACDEA-8BD3-42A5-901E-8D3727B96971?project=FBD18E83-7892-4BC6-A32E-B61FB7B1A52C&reportName=dailyleads,,,,,,,,,10/20/2021,10/27/2021
Liberty Mutual,(AP) Compare.com Auto Dual CTA,https://manage.drips.com/Project/Dash/6FC578A1-A704-4367-853A-CAE71D74CB1D,https://manage.drips.com/Company/Portal/03A6B781-C3EF-4A6A-B1B2-89367F3054EB?project=6FC578A1-A704-4367-853A-CAE71D74CB1D&reportName=dailyleads,,,,,,,,,10/20/2021,10/27/2021
Liberty Mutual,Drive 2 Site - Vehicle Error Leads,https://manage.drips.com/Project/Dash/D0791CF2-8815-4C16-8932-09448BB5098E,https://manage.drips.com/Company/Portal/03A6B781-C3EF-4A6A-B1B2-89367F3054EB?project=D0791CF2-8815-4C16-8932-09448BB5098E&reportName=dailyleads,19.767%,13.307%,19.629%,10.610%,19.753%,14.198%,16.763%,8.671%,10/20/2021,10/27/2021
Liberty Mutual,Drive 2 Site - Vehicle Error Leads - ATT ONLY,https://manage.drips.com/Project/Dash/F12588D9-49E8-4A34-813C-12D7081DAB8B,https://manage.drips.com/Company/Portal/03A6B781-C3EF-4A6A-B1B2-89367F3054EB?project=F12588D9-49E8-4A34-813C-12D7081DAB8B&reportName=dailyleads,8.163%,13.776%,7.692%,6.593%,8.824%,8.824%,6.250%,6.250%,10/20/2021,10/27/2021
Liberty Mutual,Quote Wizard Auto On Hours,https://manage.drips.com/Project/Dash/63849E41-846B-4540-A0D4-D913D044B1CA,https://manage.drips.com/Company/Portal/03A6B781-C3EF-4A6A-B1B2-89367F3054EB?project=63849E41-846B-4540-A0D4-D913D044B1CA&reportName=dailyleads,,,,,,,,,10/20/2021,10/27/2021
Liberty Mutual,Quote Wizard Auto On Hours - Dual CTA,https://manage.drips.com/Project/Dash/6B626CFE-985B-4BE4-8139-329F46404582,https://manage.drips.com/Company/Portal/03A6B781-C3EF-4A6A-B1B2-89367F3054EB?project=6B626CFE-985B-4BE4-8139-329F46404582&reportName=dailyleads,,,,,,,,,10/20/2021,10/27/2021
NextGen Leads,D2S - Auto - AT & T,https://manage.drips.com/Project/Dash/A31C5C33-B4E1-412D-BB16-4D97A7D29807,https://manage.drips.com/Company/Portal/E11E5041-20E8-43C7-A62B-919CD3115380?project=A31C5C33-B4E1-412D-BB16-4D97A7D29807&reportName=dailyleads,0.897%,0.448%,,,,,,,10/20/2021,10/27/2021
NextGen Leads,D2S - Auto - CoReg,https://manage.drips.com/Project/Dash/2B59DDB6-88CA-4618-9FE8-A91BB9CE3F89,https://manage.drips.com/Company/Portal/E11E5041-20E8-43C7-A62B-919CD3115380?project=2B59DDB6-88CA-4618-9FE8-A91BB9CE3F89&reportName=dailyleads,,,,,,,,,10/20/2021,10/27/2021
NextGen Leads,D2S - Auto - CoReg - AT&T,https://manage.drips.com/Project/Dash/5FEF1F9A-1071-4759-9B53-DFB70C42A151,https://manage.drips.com/Company/Portal/E11E5041-20E8-43C7-A62B-919CD3115380?project=5FEF1F9A-1071-4759-9B53-DFB70C42A151&reportName=dailyleads,,,,,,,,,10/20/2021,10/27/2021
NextGen Leads,D2S - Auto Insurance,https://manage.drips.com/Project/Dash/52D707E8-DAD7-4100-B4B9-FD348266BD02,https://manage.drips.com/Company/Portal/E11E5041-20E8-43C7-A62B-919CD3115380?project=52D707E8-DAD7-4100-B4B9-FD348266BD02&reportName=dailyleads,13.263%,20.271%,9.697%,15.556%,16.842%,14.737%,6.646%,16.139%,10/20/2021,10/27/2021
NextGen Leads,D2S - Health,https://manage.drips.com/Project/Dash/C6A60F29-8BC0-4BF7-8F1E-49D1D4BE8B4F,https://manage.drips.com/Company/Portal/E11E5041-20E8-43C7-A62B-919CD3115380?project=C6A60F29-8BC0-4BF7-8F1E-49D1D4BE8B4F&reportName=dailyleads,13.698%,25.775%,10.435%,21.353%,13.806%,21.729%,8.943%,21.108%,10/20/2021,10/27/2021
NextGen Leads,D2S - Health - AT & T,https://manage.drips.com/Project/Dash/F345C2E8-0017-4FCE-9820-3BE70883CD51,https://manage.drips.com/Company/Portal/E11E5041-20E8-43C7-A62B-919CD3115380?project=F345C2E8-0017-4FCE-9820-3BE70883CD51&reportName=dailyleads,0.248%,2.273%,,,,,,,10/20/2021,10/27/2021
NextGen Leads,D2S - Medicare,https://manage.drips.com/Project/Dash/6360D74E-A7AF-4881-9649-B35BA705D90E,https://manage.drips.com/Company/Portal/E11E5041-20E8-43C7-A62B-919CD3115380?project=6360D74E-A7AF-4881-9649-B35BA705D90E&reportName=dailyleads,,,,,,,,,10/20/2021,10/27/2021
Permanent General Companies_ Inc.,Rated SMS - Drive to Site,https://manage.drips.com/Project/Dash/D670F958-E4CB-44EB-8FB3-FAF4C1B09C4F,https://manage.drips.com/Company/Portal/35CBD685-067D-4F84-A892-BD99C64E817C?project=D670F958-E4CB-44EB-8FB3-FAF4C1B09C4F&reportName=dailyleads,20.857%,13.994%,18.656%,11.054%,18.559%,11.723%,15.942%,9.287%,10/20/2021,10/27/2021
Permanent General Companies_ Inc.,ROUTER - Rated SMS - Drive to Site - ATT,https://manage.drips.com/Project/Dash/4B1F0C9F-9854-49F8-8B63-8F1F956F9A50,https://manage.drips.com/Company/Portal/35CBD685-067D-4F84-A892-BD99C64E817C?project=4B1F0C9F-9854-49F8-8B63-8F1F956F9A50&reportName=dailyleads,100.000%,0.000%,,,,,,,10/20/2021,10/27/2021
Progrexion,D2S: MK-OP: Verizon Save - Lex Law,https://manage.drips.com/Project/Dash/101770FC-2F5C-456F-AD17-0C62177A5037,https://manage.drips.com/Company/Portal/1B3AA293-51B9-4534-AAB0-D4337C2E9F3F?project=101770FC-2F5C-456F-AD17-0C62177A5037&reportName=dailyleads,7.069%,4.685%,0.177%,0.000%,0.156%,0.000%,0.218%,0.000%,10/20/2021,10/27/2021
Progrexion,MK:OP - Credit Tips - D2S,https://manage.drips.com/Project/Dash/BFA7BF00-CDCF-4FB2-A4CE-0FC298A83BC0,https://manage.drips.com/Company/Portal/1B3AA293-51B9-4534-AAB0-D4337C2E9F3F?project=BFA7BF00-CDCF-4FB2-A4CE-0FC298A83BC0&reportName=dailyleads,,,,,,,,,10/20/2021,10/27/2021
Progrexion,MK:OP - Credit Tips - D2S - TMOBILE,https://manage.drips.com/Project/Dash/40F42737-C460-42A3-9031-830ED8B8E672,https://manage.drips.com/Company/Portal/1B3AA293-51B9-4534-AAB0-D4337C2E9F3F?project=40F42737-C460-42A3-9031-830ED8B8E672&reportName=dailyleads,,,,,,,,,10/20/2021,10/27/2021
Progrexion,MK:OP - D2S - Housing E-Book,https://manage.drips.com/Project/Dash/21880BC4-7B05-4D2D-A546-DF480748CAC4,https://manage.drips.com/Company/Portal/1B3AA293-51B9-4534-AAB0-D4337C2E9F3F?project=21880BC4-7B05-4D2D-A546-DF480748CAC4&reportName=dailyleads,42.857%,14.286%,,,,,,,10/20/2021,10/27/2021
Progrexion,MK:OP - D2S - RTO E-Book,https://manage.drips.com/Project/Dash/4B896E8A-0018-4EF4-A340-22742EB01680,https://manage.drips.com/Company/Portal/1B3AA293-51B9-4534-AAB0-D4337C2E9F3F?project=4B896E8A-0018-4EF4-A340-22742EB01680&reportName=dailyleads,23.944%,14.085%,21.875%,12.500%,27.273%,9.091%,9.091%,9.091%,10/20/2021,10/27/2021
Progrexion,MK-OP: Drive2Site - Phone to Web,https://manage.drips.com/Project/Dash/57E8761E-424B-4D5C-B4EA-50A5906EF1C3,https://manage.drips.com/Company/Portal/1B3AA293-51B9-4534-AAB0-D4337C2E9F3F?project=57E8761E-424B-4D5C-B4EA-50A5906EF1C3&reportName=dailyleads,11.685%,12.360%,9.770%,11.494%,12.727%,18.182%,4.545%,5.682%,10/20/2021,10/27/2021
Progrexion,MK-OP: Drive2Site - Phone to Web - TMOBILE,https://manage.drips.com/Project/Dash/6C387371-663B-4C36-BE9A-F19EA807C2DF,https://manage.drips.com/Company/Portal/1B3AA293-51B9-4534-AAB0-D4337C2E9F3F?project=6C387371-663B-4C36-BE9A-F19EA807C2DF&reportName=dailyleads,29.801%,27.152%,25.000%,26.471%,27.778%,44.444%,22.222%,13.889%,10/20/2021,10/27/2021
QuoteWizard.com_ LLC -Seattle,D2S - Auto - CoReg,https://manage.drips.com/Project/Dash/A5C065B3-7241-466D-93F3-1DB81E0DEE6A,https://manage.drips.com/Company/Portal/2596BD3F-7287-42C1-836F-E694C2F30DB9?project=A5C065B3-7241-466D-93F3-1DB81E0DEE6A&reportName=dailyleads,,,,,,,,,10/20/2021,10/27/2021
QuoteWizard.com_ LLC -Seattle,D2S - Auto - CoReg - AT & T,https://manage.drips.com/Project/Dash/1F4868A7-9AAF-455A-A1B1-3E76259F6FB0,https://manage.drips.com/Company/Portal/2596BD3F-7287-42C1-836F-E694C2F30DB9?project=1F4868A7-9AAF-455A-A1B1-3E76259F6FB0&reportName=dailyleads,,,,,,,,,10/20/2021,10/27/2021
What If Media,D2S - Auto Insurance - ATT (old),https://manage.drips.com/Project/Dash/D9592012-2152-42EA-8B59-66AB07FCFD8E,https://manage.drips.com/Company/Portal/C15EA97E-A26E-49F5-A1DA-DEE9CFAC2D24?project=D9592012-2152-42EA-8B59-66AB07FCFD8E&reportName=dailyleads,,,,,,,,,10/20/2021,10/27/2021
What If Media,D2S Auto ATT,https://manage.drips.com/Project/Dash/69D76F49-C937-47C3-9AA3-AF02E1CA419E,https://manage.drips.com/Company/Portal/C15EA97E-A26E-49F5-A1DA-DEE9CFAC2D24?project=69D76F49-C937-47C3-9AA3-AF02E1CA419E&reportName=dailyleads,4.871%,11.175%,3.934%,9.836%,1.942%,12.621%,3.883%,5.825%,10/20/2021,10/27/2021
What If Media,D2S Auto Insurance,https://manage.drips.com/Project/Dash/91E6A287-E106-4FFD-9159-31A0D83CA74E,https://manage.drips.com/Company/Portal/C15EA97E-A26E-49F5-A1DA-DEE9CFAC2D24?project=91E6A287-E106-4FFD-9159-31A0D83CA74E&reportName=dailyleads,5.891%,12.364%,4.665%,10.211%,4.738%,10.723%,3.150%,10.236%,10/20/2021,10/27/2021
What If Media,D2S Master Router,https://manage.drips.com/Project/Dash/DE46C052-B099-4EB6-AB86-76DF90DFE080,https://manage.drips.com/Company/Portal/C15EA97E-A26E-49F5-A1DA-DEE9CFAC2D24?project=DE46C052-B099-4EB6-AB86-76DF90DFE080&reportName=dailyleads,0.000%,0.179%,0.000%,0.232%,0.000%,0.333%,0.000%,0.172%,10/20/2021,10/27/2021
