,Company,Project,Campaign,Drip Name,Drip ID, ATT, Sprint,T-Mobile,Verizon,Tested,Edited
807,Core Digital Media,Remonetize - ATT,Default Campaign,2ndDay415PM,103833,(8) 6268421139 (0%),, , 
806,Core Digital Media,Remonetize - ATT,Default Campaign,2ndDay130PM,103831,(8) 8103310450 (0%),, , 
434,EverQuote,Auto - Drive to Site,After Midnight - Off Hours - Live Message,5thDay100PM,111571,(8) 4698648594 (N/A%),, , 
437,EverQuote,Auto - Drive to Site,After Midnight - Off Hours - Live Message (Duplicates),5thDay100PM,113444,(8) 5202166719 (N/A%),, , 
436,EverQuote,Auto - Drive to Site,After Midnight - Off Hours - Live Message (Duplicates),4thDay330PM,113443,(8) 9125041613 (N/A%),, , 
435,EverQuote,Auto - Drive to Site,After Midnight - Off Hours - Live Message (Duplicates),2ndDay100PM,113435,(8) 7578320517 (N/A%),, , 
438,EverQuote,Auto - Drive to Site,Before Midnight - Off Hours - Live Message (Duplicates),3rdDay100PM,114152,(8) 5024964298 (N/A%),, , 
439,EverQuote,Auto - Drive to Site,Before Midnight - Off Hours - Live Message (Duplicates),6thDay100PM,114158,(8) 8045751161 (N/A%),, , 
440,EverQuote,Auto - Drive to Site,Simple Saving,5thDay100PM,127117,(8) 3308005338 (N/A%),, , 
441,EverQuote,Auto - Drive to Site,Simple Saving (Duplicates),1stDay600PM,128906,(8) 9047121353 (N/A%),, , 
442,EverQuote,Auto - Drive to Site,Simple Saving (Duplicates),5thDay100PM,128919,(8) 5594158965 (N/A%),, , 
451,EverQuote,Auto - Drive to Site - ATT Only,After Midnight - Off hours - Live Message,5thDay100PM,133762,(11) 4697331535 (0%),(11) 5014037348 (N/A%),(11) 7738250764 (N/A%),(11) 3526354321 (N/A%)
452,EverQuote,Auto - Drive to Site - ATT Only,Simple Saving,5thDay100PM,133849,(11) 9124388512 (1.980%),(11) 3147104219 (N/A%),(11) 8178599951 (N/A%),(11) 8136878798 (N/A%)
496,EverQuote,Health Insurance,Blitz,4thDay330PM,120589,(8) 8605793945 (N/A%),, , 
497,EverQuote,Health Insurance,Blitz,5thDay100PM,120590,(8) 5594158283 (N/A%),, , 
500,EverQuote,Health Insurance,Blitz (Duplicates),2ndDay930AM,131036,(8) 5204153335 (N/A%),, , 
499,EverQuote,Health Insurance,Blitz (Duplicates),2ndDay100PM,131038,(8) 6145686791 (N/A%),, , 
498,EverQuote,Health Insurance,Blitz (Duplicates),1stDay600PM,131034,(8) 8045751147 (N/A%),, , 
479,EverQuote,Home - Drive to Site,After Midnight - Off Hours - Live Message,4thDay330PM,111602,(8) 8083202326 (N/A%),, , 
480,EverQuote,Home - Drive to Site,After Midnight - Off Hours - Live Message,5thDay100PM,111603,(8) 5094080877 (N/A%),, , 
481,EverQuote,Home - Drive to Site,Blitz (Duplicates),1stDay600PM,124738,(8) 6618639032 (N/A%),, , 
482,EverQuote,Home - Drive to Site,Blitz (Duplicates),2ndDay100PM,124742,(8) 8605793959 (N/A%),, , 
483,EverQuote,Home - Drive to Site,Blitz (Duplicates),5thDay100PM,124748,(8) 6187658622 (N/A%),, , 
484,EverQuote,Home - Drive to Site,Blitz (Duplicates),LiveDelayLive,124732,(8) 9319996553 (N/A%),, , 
393,EverQuote,Life Insurance,Blitz,4thDay1100AM,123178,(8) 3617476571 (N/A%),, , 
391,EverQuote,Life Insurance,Blitz,1stDay1035AM,123166,(8) 2175279098 (N/A%),, , 
392,EverQuote,Life Insurance,Blitz,2ndDay100PM,123172,(8) 4026830943 (N/A%),, , 
394,EverQuote,Life Insurance,Blitz,5thDay100PM,123181,(8) 8064648683 (N/A%),, , 
395,EverQuote,Life Insurance,Questions - Life (Duplicates),2ndDay100PM,118797,(8) 7249200736 (N/A%),, , 
390,EverQuote,Life Insurance,Questions - Life (Duplicates),5thDay100PM,118806,(8) 4125698763 (N/A%), ,(8) 4146623269 (1.389%), 
389,EverQuote,Life Insurance,Questions - Life (Duplicates),1stDay600PM,118793,(8) 3026484776 (N/A%), ,(8) 8653511970 (1.562%), 
396,EverQuote,Life Insurance,Questions - Life (Duplicates),4thDay330PM,118805,(8) 5109536758 (N/A%),, , 
397,EverQuote,Life Insurance,Simple Savings 2,5thDay100PM,130978,(8) 2525131666 (N/A%),, , 
176,Fluent,D2S - AARP - Membership Driver - SMS,Agent Name,3rdDay930AM,107391,(11) 5023934600 (2.174%),(11) 7179154905 (N/A%),(11) 5592347336 (10.843%),(11) 8163193489 (7.547%)
174,Fluent,D2S - AARP - Membership Driver - SMS,Agent Name,1stDay1230PM,107386,(11) 4172443163 (1.562%),(11) 6145023383 (N/A%),(11) 5205257400 (10.417%),(11) 8284707305 (15.584%)
175,Fluent,D2S - AARP - Membership Driver - SMS,Agent Name,1stDay400PM,107387,(11) 2166664781 (0%),(11) 3603692582 (N/A%),(11) 3155663426 (4.545%),(11) 6183137388 (11.429%)
179,Fluent,D2S - AARP - Membership Driver - SMS,No Agent Name,3rdDay930AM,107382,(11) 5053367255 (2.041%),(11) 3239865681 (N/A%),(11) 2093879692 (6.250%),(11) 5733738342 (N/A%)
178,Fluent,D2S - AARP - Membership Driver - SMS,No Agent Name,1stDay400PM,107378,(11) 8044922850 (1.754%),(11) 9094941090 (N/A%),(11) 5404055919 (5.607%),(11) 6062889507 (25.00%)
177,Fluent,D2S - AARP - Membership Driver - SMS,No Agent Name,1stDay1230PM,107377,(11) 9374468471 (1.724%),(11) 9163148093 (N/A%),(11) 5703887170 (9.091%),(11) 5046087847 (3.279%)
431,Fluent,D2S - Adduco - SSDI - D2S - SMS - Drips,Defend + Benefit,2ndDay915AM,126821,(6) 8435485244 (2.667%),, , 
428,Fluent,D2S - Adduco - SSDI - D2S - SMS - Drips,Defend + Benefit,3rdDay930AM,126823,(6) 3048129027 (0%), ,(6) 3369309514 (1.471%), 
429,Fluent,D2S - Adduco - SSDI - D2S - SMS - Drips,Entitled,2ndDay915AM,119188,(6) 8703746088 (2.717%), ,(6) 9109748038 (5.978%), 
432,Fluent,D2S - Adduco - SSDI - D2S - SMS - Drips,Entitled,3rdDay930AM,119190,(6) 2312672908 (4.969%),, , 
433,Fluent,D2S - Adduco - SSDI - D2S - SMS - Drips,Guidance,2ndDay915AM,98007,(6) 2569144399 (1.900%),, , 
430,Fluent,D2S - Adduco - SSDI - D2S - SMS - Drips,Guidance,3rdDay930AM,98009,(6) 9417598744 (2.995%),(6) 7344980283 (N/A%), , 
308,Fluent,D2S - Auto Insurance - D2S - SMS - Drips,CYOA,2ndDay915AM,111228,(6) 4064194115 (0.634%), ,(6) 9896377078 (2.800%), 
307,Fluent,D2S - Auto Insurance - D2S - SMS - Drips,CYOA,1stDay915AM,111224,(6) 5858830562 (1.724%),(6) 5626891834 (N/A%), , 
309,Fluent,D2S - Auto Insurance - D2S - SMS - Drips,Dont Settle,1stDay1100AM,119225,(6) 3214492021 (1.449%), ,(6) 4147103437 (6.849%), 
310,Fluent,D2S - Auto Insurance - D2S - SMS - Drips,Dont Settle,1stDay915AM,119224,(6) 9363690551 (1.429%), ,(6) 8156801181 (0%), 
311,Fluent,D2S - Auto Insurance - D2S - SMS - Drips,Dont Settle,2ndDay915AM,119228,(6) 2078035088 (1.156%), ,(6) 9705107557 (2.740%), 
312,Fluent,D2S - Auto Insurance - D2S - SMS - Drips,Dont Settle,3rdDay930AM,119230,(6) 6034511041 (4.688%),(6) 2693153278 (N/A%), , 
314,Fluent,D2S - Auto Insurance - D2S - SMS - Drips,Flexible + Money in Pocket,3rdDay930AM,107107,(6) 7247017814 (2.640%), ,(6) 5803293007 (3.716%), 
313,Fluent,D2S - Auto Insurance - D2S - SMS - Drips,Flexible + Money in Pocket,2ndDay915AM,107105,(6) 7074053965 (2.112%), ,(6) 4842553805 (2.700%), 
37,Fluent,D2S - Class Action Lawsuit - D2S,Tort Elmiron,2ndDay130PM,123631,(6) 2295365892 (1.235%),, , 
38,Fluent,D2S - Class Action Lawsuit - D2S,Tort Elmiron,3rdDay1100AM,123633,(6) 3155627003 (0%),, , 
40,Fluent,D2S - Class Action Lawsuit - D2S,Tort Hernia Mesh,2ndDay130PM,123655,(6) 5026637139 (0.526%),, , 
39,Fluent,D2S - Class Action Lawsuit - D2S,Tort Hernia Mesh,1stDay1100AM,123651,(6) 8175321884 (1.538%),, , 
28,Fluent,D2S - Class Action Lawsuit - D2S,Tort Hernia Mesh,3rdDay1100AM,123657,(6) 9563060151 (5.970%),(6) 2543474176 (N/A%),(6) 8148225045 (2.273%),(6) 4024483096 (0%)
31,Fluent,D2S - Class Action Lawsuit - D2S,Tort RoundUp,3rdDay1100AM,123641,(6) 6199010181 (4.545%),(6) 6615249864 (N/A%),(6) 5098758035 (0%),(6) 4703331126 (1.250%)
30,Fluent,D2S - Class Action Lawsuit - D2S,Tort RoundUp,2ndDay130PM,123639,(6) 9312811087 (0%),(6) 2088446785 (N/A%),(6) 7206159861 (2.463%),(6) 3609380893 (0%)
29,Fluent,D2S - Class Action Lawsuit - D2S,Tort RoundUp,1stDay1100AM,123635,(6) 5416235093 (2.913%),(6) 5139405949 (N/A%),(6) 4697725471 (5.319%),(6) 3526326433 (1.053%)
33,Fluent,D2S - Class Action Lawsuit - D2S,Tort Roundup Advocate,2ndDay130PM,127157,(6) 6062667494 (0.448%),(6) 5054512100 (N/A%),(6) 2097526103 (1.951%),(6) 5732852452 (1.205%)
32,Fluent,D2S - Class Action Lawsuit - D2S,Tort Roundup Advocate,1stDay1100AM,127153,(6) 4078876257 (2.151%),(6) 5016534192 (N/A%),(6) 9015876829 (7.609%),(6) 4054492040 (3.797%)
41,Fluent,D2S - Class Action Lawsuit - D2S,Tort Talcum,1stDay1100AM,123659,(6) 7577334164 (3.896%),, , 
42,Fluent,D2S - Class Action Lawsuit - D2S,Tort Talcum,2ndDay130PM,123663,(6) 5049771831 (0%),, , 
43,Fluent,D2S - Class Action Lawsuit - D2S,Tort Talcum,3rdDay1100AM,123665,(6) 4784012557 (0%),, , 
35,Fluent,D2S - Class Action Lawsuit - D2S,Tort Zantac,2ndDay130PM,123647,(6) 8286001074 (0.410%),(6) 9378872422 (N/A%),(6) 9167750802 (1.626%),(6) 5705199024 (0%)
34,Fluent,D2S - Class Action Lawsuit - D2S,Tort Zantac,1stDay1100AM,123643,(6) 4199635498 (1.149%),(6) 2255134143 (N/A%),(6) 8608462425 (0%),(6) 7608547293 (1.111%)
36,Fluent,D2S - Class Action Lawsuit - D2S,Tort Zantac,3rdDay1100AM,123649,(6) 7402562315 (1.333%),(6) 2709472029 (N/A%),(6) 3306794089 (4.054%),(6) 6155537726 (2.532%)
460,Fluent,D2S - Data Prosper (Inbound.io) - MVA - SMS,Compensation,3rdDay1130AM,119907,(6) 6056270201 (0.463%), ,(6) 7755103408 (2.715%), 
462,Fluent,D2S - Data Prosper (Inbound.io) - MVA - SMS,Compensation,2ndDay1100AM,119905,(6) 9782167333 (0.581%),, , 
459,Fluent,D2S - Data Prosper (Inbound.io) - MVA - SMS,Value Your case,3rdDay1130AM,122731,(6) 2185611052 (0%),(6) 2316407063 (N/A%),,(6) 6075582846 (0.524%)
461,Fluent,D2S - Data Prosper (Inbound.io) - MVA - SMS,Value Your case,2ndDay1100AM,122729,(6) 7346077325 (0.775%), ,(6) 6269863147 (5.839%), 
199,Fluent,D2S - EPCVIP - Personal Loans - SMS - DR,Examples + Click Now,2ndDay915AM,106659,(6) 5738920193 (0%), ,(6) 5599211035 (3.00%), 
198,Fluent,D2S - EPCVIP - Personal Loans - SMS - DR,Examples + Click Now,1stDay915AM,106654,(6) 4793338037 (0%), ,(6) 8149452066 (6.500%), 
200,Fluent,D2S - EPCVIP - Personal Loans - SMS - DR,Examples + Click Now,3rdDay930AM,106661,(6) 5617784112 (0%),,(6) 9283633707 (3.670%), 
205,Fluent,D2S - EPCVIP - Personal Loans - SMS - DR,Examples + Click Now,1stDay1035AM,106655,(6) 4172193358 (0%),, , 
206,Fluent,D2S - EPCVIP - Personal Loans - SMS - DR,Examples + Click Now,1stDay230PM,106657,(6) 7606085265 (0%),, , 
201,Fluent,D2S - EPCVIP - Personal Loans - SMS - DR,Money in Account,2ndDay915AM,124147,(6) 7077770277 (0%), ,(6) 4844961833 (6.757%), 
202,Fluent,D2S - EPCVIP - Personal Loans - SMS - DR,Money in Account,3rdDay930AM,124149,(6) 4709800292 (0%), ,(6) 8608734237 (1.569%), 
207,Fluent,D2S - EPCVIP - Personal Loans - SMS - DR,Money in Account,1stDay1035AM,124143,(6) 8066218650 (0%),, , 
208,Fluent,D2S - EPCVIP - Personal Loans - SMS - DR,Money in Account,1stDay230PM,124145,(6) 4027834072 (0%),, , 
209,Fluent,D2S - EPCVIP - Personal Loans - SMS - DR,Money in Account,1stDay915AM,124142,(6) 7244148817 (0%),, , 
203,Fluent,D2S - EPCVIP - Personal Loans - SMS - DR,Personal Use + Click Now,1stDay915AM,117347,(6) 8088671263 (0%), ,(6) 5098720374 (2.083%), 
204,Fluent,D2S - EPCVIP - Personal Loans - SMS - DR,Personal Use + Click Now,3rdDay930AM,117354,(6) 7209127764 (0%), ,(6) 6184544001 (2.299%), 
210,Fluent,D2S - EPCVIP - Personal Loans - SMS - DR,Personal Use + Click Now,1stDay1035AM,117348,(6) 5408893843 (0%),, , 
211,Fluent,D2S - EPCVIP - Personal Loans - SMS - DR,Personal Use + Click Now,1stDay230PM,117350,(6) 7196651061 (0%),, , 
212,Fluent,D2S - EPCVIP - Personal Loans - SMS - DR,Personal Use + Click Now,2ndDay915AM,117352,(6) 5705723006 (0%),, , 
487,Fluent,D2S - Get Trucker Jobs - D2S - SMS - Drips,CDL Jobs,3rdDay930AM,108930,(6) 8633458471 (3.659%),, , 
486,Fluent,D2S - Get Trucker Jobs - D2S - SMS - Drips,CDL Jobs,2ndDay915AM,108928,(6) 9363011737 (1.036%),, , 
489,Fluent,D2S - Get Trucker Jobs - D2S - SMS - Drips,Default Campaign,3rdDay930AM,95894,(6) 2409858261 (2.256%),, , 
488,Fluent,D2S - Get Trucker Jobs - D2S - SMS - Drips,Default Campaign,2ndDay915AM,95892,(6) 3867661054 (2.013%),, , 
485,Fluent,D2S - Get Trucker Jobs - D2S - SMS - Drips,Drivers Deserve More,1stDay1035AM,123532,(6) 4128834378 (2.128%), ,(6) 5626003825 (N/A%), 
2,Fluent,D2S - LexLaw - Credit Repair - D2S - SMS - Drips,Back on Track,1stDay915AM,113332,(11) 6789189945 (0.408%),(11) 8438903097 (N/A%),(11) 8035988490 (N/A%),(11) 7067197485 (6.620%)
3,Fluent,D2S - LexLaw - Credit Repair - D2S - SMS - Drips,Back on Track,2ndDay1000AM,113336,(11) 4342315733 (1.099%),(11) 6163144288 (N/A%),(11) 9727795434 (N/A%),(11) 4012108031 (2.809%)
4,Fluent,D2S - LexLaw - Credit Repair - D2S - SMS - Drips,Back on Track,3rdDay1100AM,113338,(11) 9415596945 (1.036%),(11) 4063939555 (N/A%),(11) 8102833330 (N/A%),(11) 6823435838 (1.485%)
1,Fluent,D2S - LexLaw - Credit Repair - D2S - SMS - Drips,Back on Track,1stDay1100AM,113333,(11) 8124078165 (0.810%),(11) 7752521438 (N/A%),(11) 9783013074 (N/A%),(11) 6266632934 (5.357%)
5,Fluent,D2S - LexLaw - Credit Repair - D2S - SMS - Drips,Help Yourself,1stDay1100AM,98020,(11) 5165596443 (2.553%),(11) 9515010547 (N/A%),(11) 5854016733 (N/A%),(11) 9852962524 (4.231%)
6,Fluent,D2S - LexLaw - Credit Repair - D2S - SMS - Drips,Help Yourself,1stDay915AM,98019,(11) 2073674280 (2.193%),(11) 9704895612 (N/A%),(11) 8152470593 (N/A%),(11) 7073906432 (8.955%)
7,Fluent,D2S - LexLaw - Credit Repair - D2S - SMS - Drips,Help Yourself,2ndDay1000AM,98023,(11) 7153124726 (0.508%),(11) 5752354325 (N/A%),(11) 3464508816 (N/A%),(11) 4086760296 (2.551%)
8,Fluent,D2S - LexLaw - Credit Repair - D2S - SMS - Drips,Help Yourself,3rdDay1100AM,98025,(11) 8052881438 (1.149%),(11) 2532361832 (N/A%),(11) 8183382986 (N/A%),(11) 7312556912 (1.869%)
9,Fluent,D2S - LexLaw - Credit Repair - D2S - SMS - Drips,Help Yourself Cadence,1stDay915AM,120776,(11) 6107057619 (0.889%),(11) 5172712850 (N/A%),(11) 9085064538 (N/A%),(11) 2064743992 (9.274%)
10,Fluent,D2S - LexLaw - Credit Repair - D2S - SMS - Drips,Help Yourself Cadence,2ndDay1000AM,120780,(11) 9803408664 (0.493%),(11) 6307932710 (N/A%),(11) 9203133860 (N/A%),(11) 6072303131 (3.627%)
11,Fluent,D2S - LexLaw - Credit Repair - D2S - SMS - Drips,Help Yourself Cadence,2ndDay400PM,120782,(11) 9105054889 (0%),(11) 3135726189 (N/A%),(11) 4232594089 (N/A%),(11) 3184097356 (0.521%)
15,Fluent,D2S - LexLaw - Credit Repair - D2S - SMS - Drips,Seasonal,3rdDay1100AM,130553,(11) 8645896923 (0.288%),(11) 2564024630 (N/A%),(11) 6014762822 (N/A%),(11) 9034035241 (3.023%)
14,Fluent,D2S - LexLaw - Credit Repair - D2S - SMS - Drips,Seasonal,2ndDay1000AM,130551,(11) 4402712992 (0.877%),(11) 3092256349 (N/A%),(11) 7344633567 (N/A%),(11) 5082764516 (4.444%)
13,Fluent,D2S - LexLaw - Credit Repair - D2S - SMS - Drips,Seasonal,1stDay915AM,130547,(11) 8564635752 (1.255%),(11) 9362874445 (N/A%),(11) 2692333455 (N/A%),(11) 8453177433 (1.642%)
12,Fluent,D2S - LexLaw - Credit Repair - D2S - SMS - Drips,Seasonal,1stDay1100AM,130548,(11) 6033143769 (1.639%),(11) 9892793150 (N/A%),(11) 3017782556 (N/A%),(11) 2392994288 (5.808%)
276,Fluent,D2S - Playtika - Casino Games - App,Ease of Playing,3rdDay200PM,132978,(6) 2543462430 (0%), ,(6) 4782941178 (1.754%), 
281,Fluent,D2S - Playtika - Casino Games - App,Ease of Playing,1stDay130PM,132973,(6) 2406572594 (0%),, , 
282,Fluent,D2S - Playtika - Casino Games - App,Ease of Playing,1stDay430PM,132974,(6) 9098533120 (0%),, , 
283,Fluent,D2S - Playtika - Casino Games - App,Ease of Playing,1stDay915AM,132972,(6) 7086401072 (0%),, , 
284,Fluent,D2S - Playtika - Casino Games - App,Ease of Playing,2ndDay1030AM,132976,(6) 9853442046 (0%),, , 
287,Fluent,D2S - Playtika - Casino Games - App,Gaming Verbiage,3rdDay200PM,118393,(6) 9169078338 (0%),, , 
285,Fluent,D2S - Playtika - Casino Games - App,Gaming Verbiage,1stDay430PM,118389,(6) 4177338029 (0%),, , 
278,Fluent,D2S - Playtika - Casino Games - App,Gaming Verbiage,2ndDay1030AM,118391,(6) 7209129456 (0%), ,(6) 6188223931 (10.938%), 
277,Fluent,D2S - Playtika - Casino Games - App,Gaming Verbiage,1stDay130PM,118388,(6) 4129474145 (0%), ,(6) 5626670798 (11.688%), 
286,Fluent,D2S - Playtika - Casino Games - App,Gaming Verbiage,1stDay915AM,118387,(6) 7167866023 (0%),, , 
280,Fluent,D2S - Playtika - Casino Games - App,Top Rated Game,2ndDay1030AM,126829,(6) 2523926014 (0%), ,(6) 6615026649 (1.449%), 
290,Fluent,D2S - Playtika - Casino Games - App,Top Rated Game,3rdDay200PM,126831,(6) 9283947108 (0%),, , 
279,Fluent,D2S - Playtika - Casino Games - App,Top Rated Game,1stDay430PM,126827,(6) 8609347339 (0%),(6) 7607094733 (N/A%), , 
289,Fluent,D2S - Playtika - Casino Games - App,Top Rated Game,1stDay915AM,126825,(6) 5305087925 (0%),, , 
288,Fluent,D2S - Playtika - Casino Games - App,Top Rated Game,1stDay130PM,126826,(6) 5097493213 (0%),, , 
220,Fluent,D2S - Policy Savings - Medicare - SMS,Benefits,3rdDay930AM,105747,(6) 5205270284 (0.709%),, , 
219,Fluent,D2S - Policy Savings - Medicare - SMS,Benefits,2ndDay915AM,105745,(6) 5026282403 (1.476%),, , 
215,Fluent,D2S - Policy Savings - Medicare - SMS,Benefits,1stDay1100AM,105742,(6) 5413953070 (1.351%),,(6) 4698420433 (23.116%), 
213,Fluent,D2S - Policy Savings - Medicare - SMS,Informed Decision,3rdDay930AM,124157,(6) 3602842275 (2.158%),(6) 3159535026 (N/A%),(6) 6184084068 (1.863%),(6) 4174588026 (0.658%)
221,Fluent,D2S - Policy Savings - Medicare - SMS,Informed Decision,2ndDay915AM,124155,(6) 5049771877 (1.014%),, , 
216,Fluent,D2S - Policy Savings - Medicare - SMS,Protect & Trust,3rdDay930AM,113042,(6) 4195064041 (1.389%), ,(6) 7606640198 (0%), 
214,Fluent,D2S - Policy Savings - Medicare - SMS,Urgency + Benefits – OE 2021,3rdDay930AM,129665,(6) 2293329018 (1.439%),(6) 8137363718 (N/A%),(6) 4439717706 (2.027%),(6) 3374862082 (2.759%)
222,Fluent,D2S - Policy Savings - Medicare - SMS,Urgency + Benefits – OE 2021,2ndDay915AM,129663,(6) 6065030534 (1.062%),, , 
223,Fluent,D2S - Policy Savings - Medicare - SMS,What you need,1stDay915AM,116884,(6) 7862757130 (1.905%),, , 
218,Fluent,D2S - Policy Savings - Medicare - SMS,What you need,2ndDay915AM,116888,(6) 9317404006 (1.018%), ,(6) 7207133886 (0.566%), 
217,Fluent,D2S - Policy Savings - Medicare - SMS,What you need,1stDay1100AM,116885,(6) 7405575848 (1.878%), ,(6) 6155922237 (7.860%), 
449,Fluent,D2S - SurveyJunkie - Lock Screen Ads - SMS,Influencer Focus,2ndDay1000AM,133053,(11) 3093024888 (2.174%),(11) 7344633777 (N/A%),(11) 5082764957 (4.283%),(11) 5172806797 (4.029%)
450,Fluent,D2S - SurveyJunkie - Lock Screen Ads - SMS,Rewards Focus,3rdDay1100AM,133048,(11) 7753021977 (0.427%),(11) 9783073174 (N/A%),(11) 6266632393 (2.548%),(11) 4402916893 (2.247%)
83,Fluent - Website Reengagement,Jobs - Resubscribes,Keyword,3rdDay930AM,112117,(6) 5307312248 (0%),, , 
82,Fluent - Website Reengagement,Jobs - Resubscribes,Keyword,2ndDay915AM,112115,(6) 7085128017 (0%),, , 
76,Fluent - Website Reengagement,Jobs - Resubscribes,Keyword,LiveDelay5Min,112113,(6) 9086381719 (0%), ,(6) 6054538040 (34.513%), 
75,Fluent - Website Reengagement,Jobs - Resubscribes,Keyword,8thDay1230PM,119137,(6) 9363428280 (0%), ,(6) 4063161597 (8.060%), 
74,Fluent - Website Reengagement,Jobs - Resubscribes,Keyword,7thday930AM,112121,(6) 9159002912 (0%), ,(6) 8565086061 (13.522%), 
73,Fluent - Website Reengagement,Jobs - Resubscribes,Keyword,4thDay1230PM,112119,(6) 8038799005 (0%), ,(6) 2312798384 (25.362%), 
72,Fluent - Website Reengagement,Jobs - Resubscribes,Keyword,10thDay930AM,119139,(6) 8595777214 (0.435%), ,(6) 6614670232 (12.222%), 
68,Fluent - Website Reengagement,Jobs - Resubscribes,Keyword,LiveDelayLive,112112,(6) 9786131028 (0%),(6) 7347896953 (N/A%),,(6) 7752615223 (32.644%)
69,Fluent - Website Reengagement,Jobs - Resubscribes,Keyword+Non Location Specific,10thDay930AM,119116,(6) 8608451837 (1.220%),(6) 7606165845 (N/A%),,(6) 2088961898 (11.892%)
70,Fluent - Website Reengagement,Jobs - Resubscribes,Keyword+Non Location Specific,LiveDelayLive,116750,(6) 6319065128 (0%),(6) 2698952171 (N/A%),,(6) 8057907059 (26.923%)
77,Fluent - Website Reengagement,Jobs - Resubscribes,Keyword+Non Location Specific,2ndDay915AM,116753,(6) 2763302226 (0%), ,(6) 9419192295 (18.799%), 
78,Fluent - Website Reengagement,Jobs - Resubscribes,Keyword+Non Location Specific,3rdDay930AM,116755,(6) 4127442278 (0%), ,(6) 5626003816 (20.183%), 
79,Fluent - Website Reengagement,Jobs - Resubscribes,Keyword+Non Location Specific,4thDay1230PM,116757,(6) 2568924046 (0%), ,(6) 8437902551 (23.077%), 
84,Fluent - Website Reengagement,Jobs - Resubscribes,Keyword+Non Location Specific,7thDay930AM,116759,(6) 6097103510 (0.249%),, , 
85,Fluent - Website Reengagement,Jobs - Resubscribes,Keyword+Non Location Specific,8hDay1230PM,119114,(6) 5097229922 (0.610%),, , 
86,Fluent - Website Reengagement,Jobs - Resubscribes,Keyword+Non Location Specific,LiveDelay5Min,116751,(6) 9856002034 (0%),, , 
91,Fluent - Website Reengagement,Jobs - Resubscribes,Postal,LiveDelay5Min,103415,(6) 8705378005 (0%),, , 
90,Fluent - Website Reengagement,Jobs - Resubscribes,Postal,8thDay1230PM,119141,(6) 3864343113 (0%),, , 
89,Fluent - Website Reengagement,Jobs - Resubscribes,Postal,7thday930AM,107842,(6) 6823326759 (0%),, , 
88,Fluent - Website Reengagement,Jobs - Resubscribes,Postal,4thDay1230PM,103421,(6) 8634510568 (0%),, , 
87,Fluent - Website Reengagement,Jobs - Resubscribes,Postal,3rdDay930AM,103419,(6) 2403488565 (0%),, , 
81,Fluent - Website Reengagement,Jobs - Resubscribes,Postal,2ndDay915AM,103417,(6) 9285192045 (0%), ,(6) 2177232360 (10.127%), 
80,Fluent - Website Reengagement,Jobs - Resubscribes,Postal,10thDay930AM,119143,(6) 8148041257 (0.407%), ,(6) 2528992779 (11.009%), 
71,Fluent - Website Reengagement,Jobs - Resubscribes,Postal,LiveDelayLive,103414,(6) 3095012159 (0%),(6) 6266031310 (N/A%),,(6) 6163781604 (29.685%)
153,Fluent - Website Reengagement,Jobs SMS,Keyword,6thDay930AM,103142,(8) 6193789459 (0%),, , 
149,Fluent - Website Reengagement,Jobs SMS,Keyword,10thDay930AM,103146,(8) 2566151744 (0.858%),, , 
150,Fluent - Website Reengagement,Jobs SMS,Keyword,2ndDay930AM,103136,(8) 7178689525 (0%),, , 
151,Fluent - Website Reengagement,Jobs SMS,Keyword,3rdDay1000AM,103138,(8) 5208605589 (0%),, , 
152,Fluent - Website Reengagement,Jobs SMS,Keyword,5thDay915AM,103140,(8) 6098084652 (0%),, , 
154,Fluent - Website Reengagement,Jobs SMS,Keyword,8thDay915AM,103144,(8) 6304252507 (1.186%),, , 
155,Fluent - Website Reengagement,Jobs SMS,Keyword,LiveDelayLive,103133,(8) 2816752097 (0%),, , 
163,Fluent - Website Reengagement,Jobs SMS,Keyword + Postal,OffHours,116426,(8) 5034203269 (0%),, , 
162,Fluent - Website Reengagement,Jobs SMS,Keyword + Postal,OffHours,116425,(8) 3307085656 (0%),, , 
161,Fluent - Website Reengagement,Jobs SMS,Keyword + Postal,8thDay915AM,116436,(8) 7867911267 (0.400%),, , 
160,Fluent - Website Reengagement,Jobs SMS,Keyword + Postal,6thDay930AM,116434,(8) 8149005306 (0%),, , 
156,Fluent - Website Reengagement,Jobs SMS,Keyword + Postal,10thDay930AM,116438,(8) 2672176143 (0.465%),, , 
157,Fluent - Website Reengagement,Jobs SMS,Keyword + Postal,2ndDay930AM,116428,(8) 7604625699 (0%),, , 
158,Fluent - Website Reengagement,Jobs SMS,Keyword + Postal,3rdDay1000AM,116430,(8) 5735988894 (0%),, , 
159,Fluent - Website Reengagement,Jobs SMS,Keyword + Postal,5thDay915AM,116432,(8) 8706866143 (0.427%),, , 
165,Fluent - Website Reengagement,Jobs SMS,Keyword + Postal + NoFN,LiveDelayLive,139491,(8) 7738280598 (0%),, , 
164,Fluent - Website Reengagement,Jobs SMS,Keyword + Postal + NoFN,2ndDay930AM,139493,(8) 4708162028 (0%),, , 
169,Fluent - Website Reengagement,Jobs SMS,Qualify for these jobs + FirstName?,5thDay915AM,89099,(8) 5028494271 (0%),, , 
167,Fluent - Website Reengagement,Jobs SMS,Qualify for these jobs + FirstName?,2ndDay930AM,89095,(8) 2033091636 (0%),, , 
168,Fluent - Website Reengagement,Jobs SMS,Qualify for these jobs + FirstName?,3rdDay1000AM,89097,(8) 6146265291 (0%),, , 
170,Fluent - Website Reengagement,Jobs SMS,Qualify for these jobs + FirstName?,6thDay930AM,89101,(8) 8174940733 (0.112%),, , 
171,Fluent - Website Reengagement,Jobs SMS,Qualify for these jobs + FirstName?,8thDay915AM,89103,(8) 3135720082 (0.705%),, , 
172,Fluent - Website Reengagement,Jobs SMS,Qualify for these jobs + FirstName?,FirstName? + LIVE,89107,(8) 7273004508 (0%),, , 
166,Fluent - Website Reengagement,Jobs SMS,Qualify for these jobs + FirstName?,10thDay930AM,89105,(8) 8434052795 (0.915%),, , 
173,Fluent - Website Reengagement,Jobs SMS,Qualify for these jobs + FirstName?,LiveDelayLive,89093,(8) 5407392046 (0%),, , 
547,Fluent - Website Reengagement,Jobs SMS - Link First,Keyword + Postal + Link,LiveDelayLive,122829,(8) 4433322478 (0%),, , 
548,Fluent - Website Reengagement,Jobs SMS - Link First,Keyword+Postal-NoClickLanguage,LiveDelayLive,122838,(8) 3527220762 (0%),, , 
549,Fluent - Website Reengagement,Jobs SMS - Link First,Qualify for Jobs,LiveDelayLive,122820,(8) 2702152705 (0%),, , 
292,Fluent - Website Reengagement,Rewards US - Clickers - ATT,Cadence Technical Test,7thDay1100AM,103119,(8) 9788064817 (0%),, , 
297,Fluent - Website Reengagement,Rewards US - Clickers - ATT,Context (participation) + FirstName? LIVE+ Emoji as adjective,5thDay1100AM,79306,(8) 8174761702 (0%),, , 
293,Fluent - Website Reengagement,Rewards US - Clickers - ATT,Context (participation) + FirstName? LIVE+ Emoji as adjective,10thDay1200PM,104249,(8) 9412814844 (0%),, , 
294,Fluent - Website Reengagement,Rewards US - Clickers - ATT,Context (participation) + FirstName? LIVE+ Emoji as adjective,2ndDay1100AM,79303,(8) 6822827845 (0%),, , 
295,Fluent - Website Reengagement,Rewards US - Clickers - ATT,Context (participation) + FirstName? LIVE+ Emoji as adjective,2ndDay200PM,79523,(8) 6015222018 (0%),, , 
296,Fluent - Website Reengagement,Rewards US - Clickers - ATT,Context (participation) + FirstName? LIVE+ Emoji as adjective,3rdDay1100AM,79304,(8) 7737541405 (0%),, , 
298,Fluent - Website Reengagement,Rewards US - Clickers - ATT,Context (participation) + FirstName? LIVE+ Emoji as adjective,7thDay1100AM,79308,(8) 8509493717 (0%),, , 
299,Fluent - Website Reengagement,Rewards US - Clickers - ATT,Context (participation) + FirstName? LIVE+ Emoji as adjective,FirstName? LIVE,79309,(8) 8565295534 (0.246%),, , 
300,Fluent - Website Reengagement,Rewards US - Clickers - ATT,Context (participation) + FirstName? LIVE+ Emoji as adjective,LiveDelayLive,79301,(8) 4054802645 (0%),, , 
291,Fluent - Website Reengagement,Rewards US - Clickers - ATT,Context Participation + Repeat SMS,5thDay1100AM,100014,(8) 3464760594 (0%), ,(8) 7754686350 (N/A%), 
301,Fluent - Website Reengagement,Rewards US - Clickers - ATT,Context Participation + Repeat SMS,2ndDay1100AM,100009,(8) 8039100563 (0%),, , 
302,Fluent - Website Reengagement,Rewards US - Clickers - ATT,Context Participation + Repeat SMS,2ndDay200PM,100010,(8) 7345191779 (0%),, , 
303,Fluent - Website Reengagement,Rewards US - Clickers - ATT,Context Participation + Repeat SMS,3rdDay1100AM,100012,(8) 9202829495 (0%),, , 
304,Fluent - Website Reengagement,Rewards US - Clickers - ATT,Context Participation + Repeat SMS,7thDay1100AM,100016,(8) 4102205245 (0.498%),, , 
305,Fluent - Website Reengagement,Rewards US - Clickers - ATT,Context Participation + Repeat SMS,LiveDelay30Min,100006,(8) 9014100981 (0%),, , 
306,Fluent - Website Reengagement,Rewards US - Clickers - ATT,Context Participation + Repeat SMS,LiveDelayLive,100005,(8) 4012135465 (0%),, , 
568,Fluent - Website Reengagement,Rewards US - Clickers - Other Carriers,Context (participation) + FirstName? LIVE+ Emoji as adjective,LiveDelayLive,79321,(8) 7344920598 (N/A%),, , 
567,Fluent - Website Reengagement,Rewards US - Clickers - Other Carriers,Context (participation) + FirstName? LIVE+ Emoji as adjective,10THDAY1200PM,104432,(8) 9085206717 (N/A%),, , 
501,Fluent - Website Reengagement,Rewards US - Clickers - Verizon,Context (participation) + FirstName? LIVE+ Emoji as adjective,LiveDelayLive,79348,(8) 9108012572 (N/A%),, , 
502,Fluent - Website Reengagement,Rewards US - Clickers - Verizon,Rewards 1.5,2ndDay1200PM,132691,(8) 3347840945 (0%),, , 
503,Fluent - Website Reengagement,Rewards US - Clickers - Verizon,Rewards 1.5,4thDay1100AM,132693,(8) 8174763578 (0%),, , 
504,Fluent - Website Reengagement,Rewards US - Clickers - Verizon,Rewards 1.5,LiveDelay30Min,132689,(8) 6623683675 (0%),, , 
505,Fluent - Website Reengagement,Rewards US - Clickers - Verizon,Rewards 1.5,LiveDelayLive,132688,(8) 3369377238 (0%),, , 
118,Fluent - Website Reengagement,Rewards US - Converters - ATT,Account Update (No IVR),20thDay1100AM,107757,(8) 4054802523 (0%),, , 
123,Fluent - Website Reengagement,Rewards US - Converters - ATT,Account Update (No IVR),LiveDelayLive,107319,(8) 9547434047 (0%),, , 
122,Fluent - Website Reengagement,Rewards US - Converters - ATT,Account Update (No IVR),LiveDelayLive,107320,(8) 7067494724 (0%),, , 
121,Fluent - Website Reengagement,Rewards US - Converters - ATT,Account Update (No IVR),7thDay915AM,107328,(8) 5052892237 (0%),, , 
120,Fluent - Website Reengagement,Rewards US - Converters - ATT,Account Update (No IVR),2ndDay1220PM,107323,(8) 5049101280 (0%),, , 
119,Fluent - Website Reengagement,Rewards US - Converters - ATT,Account Update (No IVR),2ndDay1100AM,107322,(8) 6186362414 (0%),, , 
117,Fluent - Website Reengagement,Rewards US - Converters - ATT,Account Update (No IVR),15thDay1100AM,107755,(8) 9379074090 (0%),, , 
115,Fluent - Website Reengagement,Rewards US - Converters - ATT,Account Update (No IVR),3rdDay915AM,107325,(8) 3185021073 (0%), ,(8) 6016476509 (N/A%), 
126,Fluent - Website Reengagement,Rewards US - Converters - ATT,Back to Reward,7thDay915AM,124670,(8) 9319997096 (0%),, , 
125,Fluent - Website Reengagement,Rewards US - Converters - ATT,Back to Reward,20thDay1100AM,124675,(8) 7706189189 (0%),, , 
124,Fluent - Website Reengagement,Rewards US - Converters - ATT,Back to Reward,15thDay1100AM,124673,(8) 9124561153 (0%),, , 
134,Fluent - Website Reengagement,Rewards US - Converters - ATT,Direct Action,LiveDelayLive,116493,(8) 9045448237 (0%),, , 
133,Fluent - Website Reengagement,Rewards US - Converters - ATT,Direct Action,LiveDelayLive,116494,(8) 2086842317 (0.551%),, , 
132,Fluent - Website Reengagement,Rewards US - Converters - ATT,Direct Action,7thDay915AM,116502,(8) 6788132490 (0%),, , 
131,Fluent - Website Reengagement,Rewards US - Converters - ATT,Direct Action,3rdDay915AM,116499,(8) 4699087596 (0%),, , 
130,Fluent - Website Reengagement,Rewards US - Converters - ATT,Direct Action,2ndDay1220PM,116497,(8) 9039145830 (0%),, , 
129,Fluent - Website Reengagement,Rewards US - Converters - ATT,Direct Action,2ndDay1100AM,116496,(8) 4022052221 (0%),, , 
128,Fluent - Website Reengagement,Rewards US - Converters - ATT,Direct Action,20thDay1100AM,116507,(8) 5416310483 (0%),, , 
127,Fluent - Website Reengagement,Rewards US - Converters - ATT,Direct Action,15thDay1100AM,116505,(8) 9564063919 (0%),, , 
139,Fluent - Website Reengagement,Rewards US - Converters - ATT,Direct Action - Credit,7thDay915AM,122393,(8) 8169744543 (0%),, , 
141,Fluent - Website Reengagement,Rewards US - Converters - ATT,Direct Action - Credit,LiveDelayLive,122385,(8) 7579820749 (0%),, , 
116,Fluent - Website Reengagement,Rewards US - Converters - ATT,Direct Action - Credit,3rdDay915AM,122390,(8) 3239253416 (0%), ,(8) 5122564934 (N/A%), 
135,Fluent - Website Reengagement,Rewards US - Converters - ATT,Direct Action - Credit,15thDay1100AM,122396,(8) 6028991609 (0%),, , 
136,Fluent - Website Reengagement,Rewards US - Converters - ATT,Direct Action - Credit,20thDay1100AM,122398,(8) 2529661848 (0%),, , 
140,Fluent - Website Reengagement,Rewards US - Converters - ATT,Direct Action - Credit,LiveDelayLive,122384,(8) 5706589596 (0%),, , 
138,Fluent - Website Reengagement,Rewards US - Converters - ATT,Direct Action - Credit,2ndDay1220PM,122388,(8) 5122624179 (0%),, , 
137,Fluent - Website Reengagement,Rewards US - Converters - ATT,Direct Action - Credit,2ndDay1100AM,122387,(8) 8509493830 (0%),, , 
558,Fluent - Website Reengagement,Rewards US - Converters - Other Carriers,Direct Action,LiveDelayLive,116524,(8) 8134615203 (N/A%),, , 
559,Fluent - Website Reengagement,Rewards US - Converters - Other Carriers,Direct Action - Credit,LiveDelayLive,122368,(8) 3527220623 (N/A%),, , 
519,Fluent - Website Reengagement,Rewards US - Converters - Verizon,Account Update - No IVR,LiveDelayLive,107307,(8) 8329533525 (N/A%),, , 
520,Fluent - Website Reengagement,Rewards US - Converters - Verizon,Back to Reward,7thDay915AM,124592,(8) 8045870458 (N/A%),, , 
521,Fluent - Website Reengagement,Rewards US - Converters - Verizon,Direct Action,LiveDelayLive,116540,(8) 2086840659 (N/A%),, , 
522,Fluent - Website Reengagement,Rewards US - Converters - Verizon,Direct Action - Credit,LiveDelayLive,122336,(8) 3239253421 (N/A%),, , 
330,Fluent - Website Reengagement,Rewards US - Flow Converters - ATT,Reg Confirmed + Context Fresh v2 No ShortURL,2ndDay1100AM,111116,(8) 9319996935 (0%),, , 
335,Fluent - Website Reengagement,Rewards US - Flow Converters - ATT,Reg Confirmed + Context Fresh v2 No ShortURL,LiveDelayLive,111112,(8) 5052734129 (0%),, , 
334,Fluent - Website Reengagement,Rewards US - Flow Converters - ATT,Reg Confirmed + Context Fresh v2 No ShortURL,7thDay1100AM,111123,(8) 4026748233 (0%),, , 
333,Fluent - Website Reengagement,Rewards US - Flow Converters - ATT,Reg Confirmed + Context Fresh v2 No ShortURL,5thDay1100AM,111121,(8) 5043536792 (0%),, , 
332,Fluent - Website Reengagement,Rewards US - Flow Converters - ATT,Reg Confirmed + Context Fresh v2 No ShortURL,3rdDay1100AM,111119,(8) 6187380672 (0%),, , 
331,Fluent - Website Reengagement,Rewards US - Flow Converters - ATT,Reg Confirmed + Context Fresh v2 No ShortURL,2ndDay530PM,111117,(8) 5417303494 (0%),, , 
341,Fluent - Website Reengagement,Rewards US - Flow Converters - ATT,Reg Confirmed+Context + bare bones msg+ FirstName?,LiveDelayLive,83476,(8) 7706094872 (0%),, , 
340,Fluent - Website Reengagement,Rewards US - Flow Converters - ATT,Reg Confirmed+Context + bare bones msg+ FirstName?,FirstName?,83484,(8) 9379074019 (0%),, , 
329,Fluent - Website Reengagement,Rewards US - Flow Converters - ATT,Reg Confirmed+Context + bare bones msg+ FirstName?,3rdDay1100AM,83479,(8) 5122560162 (0%), ,(8) 2098373806 (N/A%), 
336,Fluent - Website Reengagement,Rewards US - Flow Converters - ATT,Reg Confirmed+Context + bare bones msg+ FirstName?,2ndDay1100AM,83478,(8) 2529661839 (0%),, , 
337,Fluent - Website Reengagement,Rewards US - Flow Converters - ATT,Reg Confirmed+Context + bare bones msg+ FirstName?,2ndDay530PM,83485,(8) 7168153820 (0%),, , 
338,Fluent - Website Reengagement,Rewards US - Flow Converters - ATT,Reg Confirmed+Context + bare bones msg+ FirstName?,5thDay1100AM,83481,(8) 9565130518 (0%),, , 
339,Fluent - Website Reengagement,Rewards US - Flow Converters - ATT,Reg Confirmed+Context + bare bones msg+ FirstName?,7thDay1100AM,83483,(8) 9546130550 (0%),, , 
514,Fluent - Website Reengagement,Rewards US - Flow Converters - Verizon,Back in the Flow,LiveDelayLive,123805,(8) 6162150483 (N/A%),, , 
513,Fluent - Website Reengagement,Rewards US - Flow Converters - Verizon,Back in the Flow,7thDay1100AM,123816,(8) 9893760209 (N/A%),, , 
512,Fluent - Website Reengagement,Rewards US - Flow Converters - Verizon,Back in the Flow,5thDay1100AM,123814,(8) 9366570248 (N/A%),, , 
515,Fluent - Website Reengagement,Rewards US - Flow Converters - Verizon,Reg Confirmed+Context + bare bones msg+ FirstName?,LiveDelayLive,83493,(8) 8184315277 (N/A%),, , 
509,Fluent - Website Reengagement,Rewards US - Reengagement Aged - Other Carriers,Checking In,4thDay915am,117481,(6) 9097650264 (2.982%),, , 
510,Fluent - Website Reengagement,Rewards US - Reengagement Aged - Other Carriers,Formal + Customer Service,2ndDay930AM,106873,(6) 9378289058 (2.114%),, , 
508,Fluent - Website Reengagement,Rewards US - Reengagement Aged - Other Carriers,Formal + Customer Service,1stDay915AM,106871,(6) 3155993917 (4.624%), ,(6) 5205212234 (0.962%), 
47,Fluent - Website Reengagement,Rewards US - Resubscribes,Default Campaign: URL Spinner,3rdDay1200PM,80047,(6) 5204924128 (0.179%), ,(6) 5705651579 (3.880%), 
48,Fluent - Website Reengagement,Rewards US - Resubscribes,Default Campaign: URL Spinner,7thDay1200PM,105622,(6) 9517441248 (0%), ,(6) 5856763757 (3.040%), 
49,Fluent - Website Reengagement,Rewards US - Resubscribes,Default Campaign: URL Spinner,LiveDelayLive,55242,(6) 8054291183 (0%), ,(6) 4069938153 (28.853%), 
63,Fluent - Website Reengagement,Rewards US - Resubscribes,Default Campaign: URL Spinner,10THDAY1200PM,105624,(6) 5044457966 (0.246%),, , 
64,Fluent - Website Reengagement,Rewards US - Resubscribes,Default Campaign: URL Spinner,5thDay1230PM,103472,(6) 5625346924 (0%),, , 
46,Fluent - Website Reengagement,Rewards US - Resubscribes,Default Campaign: URL Spinner,2ndDay1200PM,80045,(6) 8106345159 (0%), ,(6) 4342807230 (7.692%), 
45,Fluent - Website Reengagement,Rewards US - Resubscribes,Default Campaign: URL Spinner,15thDay1230PM,109753,(6) 9564057650 (0%), ,(6) 4025380078 (2.979%), 
44,Fluent - Website Reengagement,Rewards US - Resubscribes,Default Campaign: URL Spinner,12thDay1230PM,118477,(6) 4197424091 (0%), ,(6) 7603839985 (1.974%), 
66,Fluent - Website Reengagement,Rewards US - Resubscribes,Direct Action,7thDay1200PM,121819,(6) 4846164044 (0%),, , 
53,Fluent - Website Reengagement,Rewards US - Resubscribes,Direct Action,3rdDay1200PM,121815,(6) 2513126009 (0%), ,(6) 4793635342 (4.914%), 
54,Fluent - Website Reengagement,Rewards US - Resubscribes,Direct Action,5thDay1230PM,121817,(6) 5023472153 (0.389%), ,(6) 8165461839 (7.029%), 
50,Fluent - Website Reengagement,Rewards US - Resubscribes,Direct Action,12thDay1230PM,121823,(6) 6065954518 (0.386%), ,(6) 5735013780 (3.265%), 
55,Fluent - Website Reengagement,Rewards US - Resubscribes,Direct Action,LiveDelayLive,121811,(6) 6058366189 (0%),,(6) 6266021036 (73.541%), 
65,Fluent - Website Reengagement,Rewards US - Resubscribes,Direct Action,10thDay1200PM,121821,(6) 2173507691 (0.269%),, , 
52,Fluent - Website Reengagement,Rewards US - Resubscribes,Direct Action,2ndDay1200PM,121813,(6) 3616362026 (0%), ,(6) 3215100379 (10.644%), 
51,Fluent - Website Reengagement,Rewards US - Resubscribes,Direct Action,15thDay1230PM,121825,(6) 6198335261 (0%), ,(6) 4703295634 (3.704%), 
56,Fluent - Website Reengagement,Rewards US - Resubscribes,Way to Go,10THDAY1200PM,105628,(6) 5414443213 (0.503%),,(6) 4698600696 (7.399%), 
57,Fluent - Website Reengagement,Rewards US - Resubscribes,Way to Go,15thDay1230PM,109759,(6) 3606392203 (0.165%), ,(6) 4173949126 (2.740%), 
58,Fluent - Website Reengagement,Rewards US - Resubscribes,Way to Go,2ndDay1200PM,103399,(6) 8563906305 (0%),,(6) 2696003005 (24.649%), 
59,Fluent - Website Reengagement,Rewards US - Resubscribes,Way to Go,3rdDay1200PM,103401,(6) 6165856260 (0%),(6) 6829072140 (N/A%), , 
60,Fluent - Website Reengagement,Rewards US - Resubscribes,Way to Go,5thDay1230PM,103403,(6) 3862605055 (0%), ,(6) 2077088360 (5.590%), 
61,Fluent - Website Reengagement,Rewards US - Resubscribes,Way to Go,7thDay1200PM,105626,(6) 5617784043 (0.208%),,(6) 9283700052 (10.664%), 
62,Fluent - Website Reengagement,Rewards US - Resubscribes,Way to Go,LiveDelayLive,103397,(6) 9314142540 (0.129%), ,(6) 7209127838 (26.240%), 
67,Fluent - Website Reengagement,Rewards US - Resubscribes,Way to Go,12thDay1230PM,118479,(6) 4783873082 (0%),, , 
229,Fluent - Website Reengagement,Rewards US - Reward Reg - ATT,Prize+Seriously?*,FirstName? 1 hour later,90413,(8) 2566255672 (0%),, , 
224,Fluent - Website Reengagement,Rewards US - Reward Reg - ATT,Prize+Seriously?*,2ndDay1115AM,90407,(8) 5597943880 (0%),, , 
225,Fluent - Website Reengagement,Rewards US - Reward Reg - ATT,Prize+Seriously?*,2ndDay530PM,90414,(8) 2292701542 (0%),, , 
226,Fluent - Website Reengagement,Rewards US - Reward Reg - ATT,Prize+Seriously?*,3rdDay1115AM,90408,(8) 2092662459 (0%),, , 
227,Fluent - Website Reengagement,Rewards US - Reward Reg - ATT,Prize+Seriously?*,4thDay1200PM,90410,(8) 6618436933 (0%),, , 
228,Fluent - Website Reengagement,Rewards US - Reward Reg - ATT,Prize+Seriously?*,7thDay1115AM,90412,(8) 8605061800 (0%),, , 
230,Fluent - Website Reengagement,Rewards US - Reward Reg - ATT,Prize+Seriously?*,LiveDelayLive,90405,(8) 5138155434 (0%),, , 
237,Fluent - Website Reengagement,Rewards US - Reward Reg - ATT,Ready Set Prize,LiveDelayLive,107738,(8) 9163993373 (0%),, , 
236,Fluent - Website Reengagement,Rewards US - Reward Reg - ATT,Ready Set Prize,LiveDelay60Min,107741,(8) 7867911065 (0%),, , 
235,Fluent - Website Reengagement,Rewards US - Reward Reg - ATT,Ready Set Prize,7thDay1115AM,107749,(8) 4438190925 (0%),, , 
234,Fluent - Website Reengagement,Rewards US - Reward Reg - ATT,Ready Set Prize,4thDay1200PM,107747,(8) 8706860048 (0%),, , 
233,Fluent - Website Reengagement,Rewards US - Reward Reg - ATT,Ready Set Prize,3rdDay1115AM,107745,(8) 9099013016 (0%),, , 
232,Fluent - Website Reengagement,Rewards US - Reward Reg - ATT,Ready Set Prize,2ndDay530PM,107743,(8) 3524056846 (0%),, , 
231,Fluent - Website Reengagement,Rewards US - Reward Reg - ATT,Ready Set Prize,2ndDay1115AM,107742,(8) 2254570693 (0%),, , 
238,Fluent - Website Reengagement,Rewards US - Reward Reg - ATT,Registration Confirmed + Specially Selected*,2ndDay1115AM,93907,(8) 8136702087 (0%),, , 
239,Fluent - Website Reengagement,Rewards US - Reward Reg - ATT,Registration Confirmed + Specially Selected*,2ndDay530PM,93908,(8) 4194522955 (0%),, , 
240,Fluent - Website Reengagement,Rewards US - Reward Reg - ATT,Registration Confirmed + Specially Selected*,3rdDay1115AM,93910,(8) 2162308390 (0%),, , 
241,Fluent - Website Reengagement,Rewards US - Reward Reg - ATT,Registration Confirmed + Specially Selected*,4thDay1200PM,93912,(8) 4176409535 (0%),, , 
242,Fluent - Website Reengagement,Rewards US - Reward Reg - ATT,Registration Confirmed + Specially Selected*,7thDay1115AM,93914,(8) 6787188562 (0%),, , 
243,Fluent - Website Reengagement,Rewards US - Reward Reg - ATT,Registration Confirmed + Specially Selected*,LiveDelay60Min,93906,(8) 3135242872 (0%),, , 
244,Fluent - Website Reengagement,Rewards US - Reward Reg - ATT,Registration Confirmed + Specially Selected*,LiveDelayLive,93904,(8) 2674546019 (0%),, , 
249,Fluent - Website Reengagement,Rewards US - Viewers - ATT,Final Steps,7thDay1100AM,129097,(8) 5416310459 (0%),, , 
251,Fluent - Website Reengagement,Rewards US - Viewers - ATT,Final Steps,LiveDelayLive,129086,(8) 8135808456 (0%),, , 
250,Fluent - Website Reengagement,Rewards US - Viewers - ATT,Final Steps,LiveDelay60Min,129089,(8) 8329375101 (0%),, , 
248,Fluent - Website Reengagement,Rewards US - Viewers - ATT,Final Steps,5thDay1100AM,129095,(8) 4432286421 (0%),, , 
247,Fluent - Website Reengagement,Rewards US - Viewers - ATT,Final Steps,3rdDay1100AM,129093,(8) 8165796968 (0%),, , 
246,Fluent - Website Reengagement,Rewards US - Viewers - ATT,Final Steps,2ndDay530PM,129091,(8) 4693822947 (0%),, , 
245,Fluent - Website Reengagement,Rewards US - Viewers - ATT,Final Steps,2ndDay1100AM,129090,(8) 2563979770 (0%),, , 
257,Fluent - Website Reengagement,Rewards US - Viewers - ATT,Here's confirmation + FirstName? 1 hour later,LiveDelay60Min,81083,(8) 8708889471 (0%),, , 
258,Fluent - Website Reengagement,Rewards US - Viewers - ATT,Here's confirmation + FirstName? 1 hour later,LiveDelayLive,81074,(8) 2676421155 (0%),, , 
256,Fluent - Website Reengagement,Rewards US - Viewers - ATT,Here's confirmation + FirstName? 1 hour later,7thDay1100AM,81082,(8) 5053020838 (0%),, , 
255,Fluent - Website Reengagement,Rewards US - Viewers - ATT,Here's confirmation + FirstName? 1 hour later,5thDay1100AM,81080,(8) 9379074050 (0%),, , 
254,Fluent - Website Reengagement,Rewards US - Viewers - ATT,Here's confirmation + FirstName? 1 hour later,3rdDay1100AM,81078,(8) 7867911071 (0%),, , 
253,Fluent - Website Reengagement,Rewards US - Viewers - ATT,Here's confirmation + FirstName? 1 hour later,2ndDay530PM,81362,(8) 6028059599 (0%),, , 
252,Fluent - Website Reengagement,Rewards US - Viewers - ATT,Here's confirmation + FirstName? 1 hour later,2ndDay1100AM,81075,(8) 5208605354 (0%),, , 
260,Fluent - Website Reengagement,Rewards US - Viewers - ATT,Heres Confirmation + New DBA,2ndDay530PM,99408,(8) 2292701514 (0%),, , 
265,Fluent - Website Reengagement,Rewards US - Viewers - ATT,Heres Confirmation + New DBA,LiveDelayLive,99403,(8) 5135705109 (0%),, , 
264,Fluent - Website Reengagement,Rewards US - Viewers - ATT,Heres Confirmation + New DBA,LiveDelay60Min,99406,(8) 5596638223 (0%),, , 
263,Fluent - Website Reengagement,Rewards US - Viewers - ATT,Heres Confirmation + New DBA,7thDay1100AM,99414,(8) 5122564670 (0%),, , 
262,Fluent - Website Reengagement,Rewards US - Viewers - ATT,Heres Confirmation + New DBA,5thDay1100AM,99412,(8) 3523060940 (0%),, , 
261,Fluent - Website Reengagement,Rewards US - Viewers - ATT,Heres Confirmation + New DBA,3rdDay1100AM,99410,(8) 3135720125 (0%),, , 
259,Fluent - Website Reengagement,Rewards US - Viewers - ATT,Heres Confirmation + New DBA,2ndDay1100AM,99407,(8) 6788132430 (0%),, , 
541,Fluent - Website Reengagement,Survey Voices - Welcome,Survey Version - Reply Yes + Confirmed + FirstName?,3rdDay1100AM,104338,(6) 3185965644 (1.674%), ,(6) 7066402191 (N/A%), 
542,Fluent - Website Reengagement,Survey Voices - Welcome,Survey Version - This Just In + FirstName?,3rdDay1100AM,104333,(6) 9107202993 (1.670%),, , 
887,Inside Response,Medicare Vintage 2021 - D2S Hybrid,Day 2 - Default Campaign,4thDay1030AM,132988,(11) 9892797534 (N/A%),(11) 2393646488 (N/A%),(11) 9705093160 (0.550%),(11) 8153676968 (1.243%)
888,Inside Response,Medicare Vintage 2021 - D2S Hybrid,Day 3 - Default Campaign,4rdDay1200PM,137665,(11) 8052882624 (N/A%),(11) 2532681757 (N/A%),(11) 8184508192 (0.136%),(11) 7312575915 (1.107%)
889,Inside Response,Medicare Vintage 2021 - D2S Hybrid,Day 3 - Default Campaign,4thDay245PM,137667,(11) 8564636716 (N/A%),(11) 9362899456 (N/A%),(11) 2692363266 (0.265%),(11) 8453662881 (1.457%)
891,Inside Response,Medicare Vintage 2021 - D2S Hybrid,Day 4 - Default Campaign,4thDay230PM,137674,(11) 9412784747 (N/A%),(11) 4063911375 (N/A%),(11) 8102834795 (0%),(11) 9152924040 (0.163%)
890,Inside Response,Medicare Vintage 2021 - D2S Hybrid,Day 4 - Default Campaign,4thDay1215PM,137673,(11) 6823438951 (N/A%),(11) 4342784409 (N/A%),(11) 6163145132 (0%),(11) 4014967723 (4.252%)
917,Inside Response,Medicare Vintage 2021 - D2S Hybrid AT&T,Day 4 - Default Campaign,4thDay1215PM,137967,(11) 3133853400 (1.940%),(11) 9105178462 (N/A%),(11) 4233737285 (N/A%),(11) 8646516572 (N/A%)
918,Inside Response,Medicare Vintage 2021 - D2S Hybrid AT&T,Day 4 - Default Campaign,4thDay230PM,137968,(11) 8506554346 (0.380%),(11) 8703594671 (N/A%),(11) 3367377849 (N/A%),(11) 2673769208 (N/A%)
805,NextGen Leads,D2S - Auto Insurance,FirstName,5thDay1230PM,100619,(8) 3308005430 (N/A%),, , 
804,NextGen Leads,D2S - Auto Insurance,FirstName,2ndDay130PM,100612,(8) 7403093620 (N/A%),, , 
800,NextGen Leads,D2S - Health,Default Campaign,3rdDay1000AM,82064,(8) 9738262726 (N/A%),, , 
801,NextGen Leads,D2S - Health,TMobile + Sprint (default),3rdDay1000AM,130344,(8) 8453842429 (N/A%),, , 
180,Permanent General Companies_ Inc.,Rated SMS - Drive to Site,Quote Amount,2ndDay1030AM,105127,(8) 7326078924 (N/A%),(8) 9735122829 (N/A%), , 
184,Permanent General Companies_ Inc.,Rated SMS - Drive to Site,Quote Amount,LiveDelayLive,105123,(8) 4345009434 (N/A%),, , 
190,Permanent General Companies_ Inc.,Rated SMS - Drive to Site,Quote Amount After Midnight,4thDay1015AM,115606,(8) 2293944358 (N/A%),, , 
191,Permanent General Companies_ Inc.,Rated SMS - Drive to Site,Quote Amount Before Midnight,3rdDay1030AM,115589,(8) 9037811620 (N/A%),, , 
194,Permanent General Companies_ Inc.,Rated SMS - Drive to Site,Quote ID SMS,1stDay545PM,117122,(8) 3365029883 (N/A%),, , 
196,Permanent General Companies_ Inc.,Rated SMS - Drive to Site,Quote ID SMS,4thDay1015AM,117130, ,(8) 9078850997 (6.667%), , 
197,Permanent General Companies_ Inc.,Rated SMS - Drive to Site,Quote ID SMS,LiveDelayLive,117119, ,(8) 4108192420 (11.615%), , 
97,Progrexion,D2S: MK-OP: Verizon Save - Lex Law,4 Day Pause,8thDay1130AM,107165,(11) 8153909375 (N/A%),(11) 9852983941 (N/A%),(11) 5628255402 (N/A%),(11) 9515015392 (0.436%)
96,Progrexion,D2S: MK-OP: Verizon Save - Lex Law,4 Day Pause,6thDay230PM,107161,(11) 2514493689 (N/A%),(11) 2543826806 (N/A%),(11) 2524798603 (N/A%),(11) 4023644676 (2.979%)
95,Progrexion,D2S: MK-OP: Verizon Save - Lex Law,4 Day Pause,6thDay1000AM,107160,(11) 3863436987 (N/A%),(11) 4146779034 (N/A%),(11) 2403630979 (N/A%),(11) 7243626546 (1.266%)
94,Progrexion,D2S: MK-OP: Verizon Save - Lex Law,4 Day Pause,5thDay200PM,107158,(11) 5185103693 (N/A%),(11) 4793159618 (N/A%),(11) 7194554696 (N/A%),(11) 8144173356 (2.389%)
93,Progrexion,D2S: MK-OP: Verizon Save - Lex Law,4 Day Pause,5thDay1000AM,107157,(11) 5853618235 (N/A%),(11) 6124733048 (N/A%),(11) 5168667790 (N/A%),(11) 3613097563 (1.111%)
92,Progrexion,D2S: MK-OP: Verizon Save - Lex Law,4 Day Pause,4thDay915AM,107153,(11) 5094004668 (N/A%),(11) 7163064795 (N/A%),(11) 8064505224 (N/A%),(11) 7086949735 (2.473%)
98,Progrexion,D2S: MK-OP: Verizon Save - Lex Law,4 Day Pause,8thDay500PM,107166,(11) 6313234191 (N/A%),(11) 4092579003 (N/A%),(11) 4128447142 (N/A%),(11) 5302319444 (1.148%)
101,Progrexion,D2S: MK-OP: Verizon Save - Lex Law,4 Day Pause - FL,8thDay500PM,115983,(11) 9283712590 (N/A%),(11) 2174062916 (N/A%),(11) 5802655168 (N/A%),(11) 3213667362 (1.695%)
100,Progrexion,D2S: MK-OP: Verizon Save - Lex Law,4 Day Pause - FL,8thDay1130AM,115982,(11) 3023059310 (N/A%),(11) 4842992527 (N/A%),(11) 8653276759 (N/A%),(11) 8632962262 (1.667%)
99,Progrexion,D2S: MK-OP: Verizon Save - Lex Law,4 Day Pause - FL,5thDay1000AM,115974,(11) 9892817435 (N/A%),(11) 7073797974 (N/A%),(11) 2393725779 (N/A%),(11) 9705165438 (0%)
797,What If Media,D2S Auto Insurance,Tap the link,LiveDelay30Min,126450_,(8) 9378941654 (N/A%),(8) 6146474552 (1.980%),(8) 5046198511 (7.692%), 
